run_number,timestamp_ms,state,voltage,yaw,pitch,roll,pitchIn,pitchOut,pitchSetpt,rollIn,rollOut,rollSetpt,yawIn,yawOut,yawSetpt,motorTL,motorTR,motorBL,motorBR
1,9953,0,11.82,178.282,0.763,1.451,0.7633,0.0484,2.0000,1.4507,0.0000,0.0000,0.0000,0.0000,0.0000,0.0716,0.0716,0.1684,0.1684
1,9964,0,11.91,178.302,0.727,1.346,0.7265,0.0494,2.0000,1.3462,-0.0435,0.0000,0.0000,0.0000,0.0000,0.1141,0.0271,0.1259,0.2129
1,9983,0,11.90,178.294,0.690,1.207,0.6895,0.0502,2.0000,1.2069,-0.0404,0.0000,0.0000,0.0000,0.0000,0.1102,0.0294,0.1298,0.2106
1,10003,0,11.89,178.278,0.652,1.060,0.6525,0.0528,2.0000,1.0605,-0.0362,0.0000,0.0000,0.0000,0.0000,0.1034,0.0310,0.1366,0.2090
1,10023,0,11.88,178.285,0.644,0.956,0.6439,0.0547,2.0000,0.9557,-0.0318,0.0000,0.0000,0.0000,0.0000,0.0971,0.0335,0.1429,0.2065
1,10044,0,11.91,178.278,0.678,0.913,0.6783,0.0562,2.0000,0.9132,-0.0287,0.0000,0.0000,0.0000,0.0000,0.0924,0.0351,0.1476,0.2049
1,10063,0,11.87,178.272,0.763,0.954,0.7629,0.0545,2.0000,0.9539,-0.0286,0.0000,0.0000,0.0000,0.0000,0.0941,0.0369,0.1459,0.2031
1,10084,0,11.78,178.259,0.876,1.050,0.8764,0.0512,2.0000,1.0499,-0.0315,0.0000,0.0000,0.0000,0.0000,0.1003,0.0373,0.1397,0.2027
1,10103,0,11.82,178.247,0.976,1.146,0.9759,0.0449,2.0000,1.1462,-0.0315,0.0000,0.0000,0.0000,0.0000,0.1066,0.0436,0.1334,0.1964
1,10124,0,11.87,178.234,1.019,1.180,1.0186,0.0400,2.0000,1.1804,-0.0344,0.0000,0.0000,0.0000,0.0000,0.1143,0.0456,0.1257,0.1944
1,10143,0,11.82,178.227,1.018,1.152,1.0182,0.0383,2.0000,1.1524,-0.0354,0.0000,0.0000,0.0000,0.0000,0.1171,0.0463,0.1229,0.1937
1,10164,0,11.89,178.226,0.989,1.097,0.9894,0.0382,2.0000,1.0969,-0.0346,0.0000,0.0000,0.0000,0.0000,0.1164,0.0472,0.1236,0.1928
1,10184,0,11.87,178.225,0.940,1.049,0.9396,0.0404,2.0000,1.0487,-0.0329,0.0000,0.0000,0.0000,0.0000,0.1125,0.0467,0.1275,0.1933
1,10204,0,11.90,178.224,0.883,1.008,0.8830,0.0422,2.0000,1.0076,-0.0315,0.0000,0.0000,0.0000,0.0000,0.1092,0.0463,0.1308,0.1937
1,10224,0,11.89,178.216,0.826,0.959,0.8264,0.0436,2.0000,0.9595,-0.0302,0.0000,0.0000,0.0000,0.0000,0.1066,0.0462,0.1334,0.1938
1,10244,0,11.84,178.222,0.763,0.919,0.7627,0.0470,2.0000,0.9185,-0.0288,0.0000,0.0000,0.0000,0.0000,0.1018,0.0442,0.1382,0.1958
1,10264,0,11.70,178.250,0.720,0.870,0.7198,0.0505,2.0000,0.8704,-0.0276,0.0000,0.0000,0.0000,0.0000,0.0970,0.0419,0.1430,0.1981
1,10284,0,11.82,178.256,0.698,0.829,0.6981,0.0512,2.0000,0.8288,-0.0261,0.0000,0.0000,0.0000,0.0000,0.0949,0.0427,0.1451,0.1973
1,10304,0,11.82,178.235,0.691,0.843,0.6915,0.0518,2.0000,0.8428,-0.0249,0.0000,0.0000,0.0000,0.0000,0.0931,0.0434,0.1469,0.1966
1,10324,0,11.85,178.215,0.672,0.913,0.6718,0.0525,2.0000,0.9129,-0.0253,0.0000,0.0000,0.0000,0.0000,0.0928,0.0423,0.1472,0.1977
1,10344,0,11.84,178.215,0.680,1.011,0.6803,0.0544,2.0000,1.0107,-0.0274,0.0000,0.0000,0.0000,0.0000,0.0930,0.0383,0.1470,0.2017
1,10364,0,11.80,178.230,0.696,1.122,0.6959,0.0525,2.0000,1.1225,-0.0303,0.0000,0.0000,0.0000,0.0000,0.0978,0.0372,0.1422,0.2028
1,10384,0,11.85,178.238,0.725,1.206,0.7251,0.0537,2.0000,1.2060,-0.0337,0.0000,0.0000,0.0000,0.0000,0.1000,0.0326,0.1400,0.2074
1,10404,0,11.88,178.225,0.775,1.268,0.7752,0.0517,2.0000,1.2680,-0.0362,0.0000,0.0000,0.0000,0.0000,0.1045,0.0321,0.1355,0.2079
1,10424,0,11.83,178.212,0.832,1.295,0.8317,0.0499,2.0000,1.2953,-0.0380,0.0000,0.0000,0.0000,0.0000,0.1082,0.0321,0.1318,0.2079
1,10444,0,11.87,178.205,0.881,1.287,0.8806,0.0468,2.0000,1.2874,-0.0389,0.0000,0.0000,0.0000,0.0000,0.1121,0.0344,0.1279,0.2056
1,10464,0,11.89,178.205,0.908,1.259,0.9081,0.0440,2.0000,1.2590,-0.0386,0.0000,0.0000,0.0000,0.0000,0.1146,0.0374,0.1254,0.2026
1,10484,0,11.88,178.198,0.921,1.210,0.9215,0.0445,2.0000,1.2096,-0.0378,0.0000,0.0000,0.0000,0.0000,0.1133,0.0377,0.1267,0.2023
1,10504,0,11.87,178.191,0.948,1.132,0.9483,0.0429,2.0000,1.1322,-0.0363,0.0000,0.0000,0.0000,0.0000,0.1134,0.0409,0.1266,0.1991
1,10524,0,11.85,178.183,0.933,1.069,0.9334,0.0411,2.0000,1.0694,-0.0340,0.0000,0.0000,0.0000,0.0000,0.1129,0.0449,0.1271,0.1951
1,10544,0,11.83,178.176,0.912,1.035,0.9119,0.0430,2.0000,1.0347,-0.0321,0.0000,0.0000,0.0000,0.0000,0.1091,0.0450,0.1309,0.1950
1,10564,0,11.84,178.190,0.932,1.007,0.9323,0.0451,2.0000,1.0065,-0.0310,0.0000,0.0000,0.0000,0.0000,0.1060,0.0439,0.1340,0.1961
1,10584,0,11.76,178.197,0.968,1.034,0.9677,0.0426,2.0000,1.0340,-0.0302,0.0000,0.0000,0.0000,0.0000,0.1076,0.0472,0.1324,0.1928
1,10604,0,11.81,178.191,1.010,1.075,1.0103,0.0426,2.0000,1.0752,-0.0310,0.0000,0.0000,0.0000,0.0000,0.1084,0.0464,0.1316,0.1936
1,10624,0,11.84,178.177,1.046,1.110,1.0459,0.0385,2.0000,1.1097,-0.0323,0.0000,0.0000,0.0000,0.0000,0.1138,0.0492,0.1262,0.1908
1,10644,0,11.77,178.157,1.033,1.166,1.0331,0.0374,2.0000,1.1657,-0.0333,0.0000,0.0000,0.0000,0.0000,0.1158,0.0493,0.1242,0.1907
1,10664,0,11.85,178.150,1.012,1.180,1.0124,0.0387,2.0000,1.1799,-0.0350,0.0000,0.0000,0.0000,0.0000,0.1162,0.0463,0.1238,0.1937
1,10684,0,11.88,178.135,0.957,1.188,0.9567,0.0386,2.0000,1.1877,-0.0354,0.0000,0.0000,0.0000,0.0000,0.1168,0.0460,0.1232,0.1940
1,10704,0,11.85,178.134,0.914,1.139,0.9139,0.0414,2.0000,1.1395,-0.0356,0.0000,0.0000,0.0000,0.0000,0.1142,0.0429,0.1258,0.1971
1,10724,0,11.89,178.134,0.864,1.105,0.8645,0.0434,2.0000,1.1051,-0.0342,0.0000,0.0000,0.0000,0.0000,0.1108,0.0424,0.1292,0.1976
1,10744,0,11.81,178.148,0.871,1.105,0.8713,0.0467,2.0000,1.1051,-0.0332,0.0000,0.0000,0.0000,0.0000,0.1064,0.0401,0.1336,0.1999
1,10764,0,11.80,178.149,0.900,1.161,0.9002,0.0460,2.0000,1.1606,-0.0332,0.0000,0.0000,0.0000,0.0000,0.1071,0.0408,0.1329,0.1992
1,10784,0,11.87,178.143,0.972,1.243,0.9715,0.0456,2.0000,1.2435,-0.0348,0.0000,0.0000,0.0000,0.0000,0.1092,0.0396,0.1308,0.2004
1,10804,0,11.81,178.096,1.086,1.353,1.0858,0.0436,2.0000,1.3530,-0.0373,0.0000,0.0000,0.0000,0.0000,0.1137,0.0391,0.1263,0.2009
1,10824,0,11.83,178.044,1.306,1.489,1.3056,0.0397,2.0000,1.4888,-0.0406,0.0000,0.0000,0.0000,0.0000,0.1208,0.0397,0.1192,0.2003
1,10845,0,11.87,177.992,1.477,1.639,1.4769,0.0269,2.0000,1.6393,-0.0447,0.0000,0.0000,0.0000,0.0000,0.1378,0.0485,0.1022,0.1915
1,10864,0,11.87,177.988,1.570,1.749,1.5699,0.0202,2.0000,1.7494,-0.0525,0.0000,0.0000,0.0000,0.0000,0.1523,0.0473,0.0877,0.1927
1,10884,0,11.80,177.983,1.593,1.854,1.5929,0.0166,2.0000,1.8538,-0.0556,0.0000,0.0000,0.0000,0.0000,0.1590,0.0478,0.0810,0.1922
1,10904,0,11.84,177.983,1.586,1.889,1.5865,0.0153,2.0000,1.8889,-0.0567,0.0000,0.0000,0.0000,0.0000,0.1614,0.0480,0.0786,0.1920
1,10925,0,11.87,177.976,1.538,1.904,1.5379,0.0148,2.0000,1.9036,-0.0571,0.0000,0.0000,0.0000,0.0000,0.1623,0.0481,0.0777,0.1919
1,10944,0,11.85,177.981,1.446,1.863,1.4461,0.0176,2.0000,1.8634,-0.0571,0.0000,0.0000,0.0000,0.0000,0.1595,0.0453,0.0805,0.1947
1,10964,0,11.85,177.979,1.382,1.823,1.3824,0.0234,2.0000,1.8226,-0.0559,0.0000,0.0000,0.0000,0.0000,0.1525,0.0407,0.0875,0.1993
1,10984,0,11.85,177.979,1.348,1.837,1.3477,0.0249,2.0000,1.8372,-0.0547,0.0000,0.0000,0.0000,0.0000,0.1498,0.0405,0.0902,0.1995
1,11005,0,11.87,177.979,1.362,1.830,1.3616,0.0271,2.0000,1.8300,-0.0551,0.0000,0.0000,0.0000,0.0000,0.1480,0.0378,0.0920,0.2022
1,11024,0,11.85,177.980,1.390,1.871,1.3903,0.0269,2.0000,1.8714,-0.0561,0.0000,0.0000,0.0000,0.0000,0.1493,0.0370,0.0907,0.2030
1,11045,0,11.84,177.974,1.447,1.905,1.4470,0.0238,2.0000,1.9053,-0.0572,0.0000,0.0000,0.0000,0.0000,0.1534,0.0390,0.0866,0.2010
1,11064,0,11.85,177.968,1.468,1.919,1.4683,0.0227,2.0000,1.9188,-0.0572,0.0000,0.0000,0.0000,0.0000,0.1544,0.0401,0.0856,0.1999
1,11085,0,11.85,177.968,1.475,1.905,1.4751,0.0209,2.0000,1.9047,-0.0576,0.0000,0.0000,0.0000,0.0000,0.1567,0.0416,0.0833,0.1984
1,11105,0,11.86,177.975,1.468,1.898,1.4678,0.0220,2.0000,1.8979,-0.0571,0.0000,0.0000,0.0000,0.0000,0.1552,0.0409,0.0848,0.1991
1,11125,0,11.80,177.974,1.447,1.919,1.4472,0.0198,2.0000,1.9193,-0.0569,0.0000,0.0000,0.0000,0.0000,0.1572,0.0433,0.0828,0.1967
1,11145,0,11.87,177.981,1.412,1.920,1.4121,0.0214,2.0000,1.9200,-0.0576,0.0000,0.0000,0.0000,0.0000,0.1562,0.0410,0.0838,0.1990
1,11165,0,11.81,177.980,1.349,1.900,1.3488,0.0228,2.0000,1.9001,-0.0576,0.0000,0.0000,0.0000,0.0000,0.1548,0.0396,0.0852,0.2004
1,11185,0,11.88,177.978,1.291,1.824,1.2915,0.0246,2.0000,1.8242,-0.0570,0.0000,0.0000,0.0000,0.0000,0.1524,0.0383,0.0876,0.2017
1,11205,0,11.79,177.983,1.206,1.742,1.2060,0.0278,2.0000,1.7416,-0.0547,0.0000,0.0000,0.0000,0.0000,0.1469,0.0374,0.0931,0.2026
1,11225,0,11.83,178.002,1.121,1.687,1.1208,0.0304,2.0000,1.6874,-0.0522,0.0000,0.0000,0.0000,0.0000,0.1419,0.0374,0.0981,0.2026
1,11245,0,11.88,178.007,1.050,1.661,1.0503,0.0347,2.0000,1.6607,-0.0506,0.0000,0.0000,0.0000,0.0000,0.1359,0.0346,0.1041,0.2054
1,11265,0,11.83,178.000,0.995,1.683,0.9948,0.0392,2.0000,1.6826,-0.0498,0.0000,0.0000,0.0000,0.0000,0.1306,0.0310,0.1094,0.2090
1,11285,0,11.78,177.994,1.017,1.724,1.0166,0.0409,2.0000,1.7241,-0.0505,0.0000,0.0000,0.0000,0.0000,0.1296,0.0286,0.1104,0.2114
1,11305,0,11.87,177.995,1.067,1.800,1.0670,0.0408,2.0000,1.8001,-0.0517,0.0000,0.0000,0.0000,0.0000,0.1309,0.0275,0.1091,0.2125
1,11325,0,11.84,177.990,1.145,1.876,1.1453,0.0380,2.0000,1.8759,-0.0540,0.0000,0.0000,0.0000,0.0000,0.1360,0.0280,0.1040,0.2120
1,11345,0,11.82,177.985,1.251,1.930,1.2513,0.0369,2.0000,1.9299,-0.0563,0.0000,0.0000,0.0000,0.0000,0.1394,0.0268,0.1006,0.2132
1,11365,0,11.85,177.988,1.378,1.970,1.3779,0.0304,2.0000,1.9696,-0.0579,0.0000,0.0000,0.0000,0.0000,0.1475,0.0317,0.0925,0.2083
1,11385,0,11.88,177.990,1.511,1.981,1.5110,0.0262,2.0000,1.9812,-0.0591,0.0000,0.0000,0.0000,0.0000,0.1529,0.0348,0.0871,0.2052
1,11405,0,11.83,177.985,1.623,2.007,1.6235,0.0211,2.0000,2.0075,-0.0594,0.0000,0.0000,0.0000,0.0000,0.1583,0.0395,0.0817,0.2005
1,11425,1,11.83,177.988,1.750,2.019,1.7496,0.0151,2.0000,2.0192,0.0000,0.0000,-0.0025,0.0001,0.0000,0.1181,0.1181,0.1218,0.1217
1,11445,1,11.77,177.990,1.862,2.017,1.8615,0.0106,2.0000,2.0172,-0.0606,0.0000,-0.0045,0.0001,0.0000,0.1519,0.1331,0.1364,0.1552
1,11465,1,11.85,177.991,1.939,2.037,1.9387,0.0049,2.0000,2.0372,-0.0605,0.0000,-0.0059,0.0001,0.0000,0.1886,0.1655,0.1674,0.1904
1,11485,1,11.87,177.992,1.974,2.051,1.9740,0.0015,2.0000,2.0505,-0.0611,0.0000,-0.0067,0.0001,0.0000,0.2250,0.1974,0.1981,0.2256
1,11505,1,11.82,177.993,1.982,2.085,1.9816,0.0023,2.0000,2.0854,-0.0615,0.0000,-0.0075,0.0002,0.0000,0.2597,0.2275,0.2288,0.2608
1,11525,1,11.84,177.994,2.017,2.092,2.0167,0.0002,2.0000,2.0917,-0.0626,0.0000,-0.0083,0.0002,0.0000,0.2960,0.2588,0.2591,0.2960
1,11545,1,11.83,177.995,2.045,2.105,2.0449,0.0002,2.0000,2.1052,-0.0628,0.0000,-0.0091,0.0002,0.0000,0.3312,0.2895,0.2898,0.3312
1,11565,1,11.76,177.989,2.088,2.132,2.0875,-0.0016,2.0000,2.1323,-0.0632,0.0000,-0.0034,0.0001,0.0000,0.3664,0.3201,0.3189,0.3652
1,11585,1,11.75,177.977,2.144,2.180,2.1445,-0.0015,2.0000,2.1803,-0.0640,0.0000,0.0089,-0.0002,0.0000,0.4016,0.3504,0.3490,0.4005
1,11605,1,11.83,177.966,2.230,2.262,2.2302,-0.0047,2.0000,2.2624,-0.0654,0.0000,0.0196,-0.0004,0.0000,0.4368,0.3800,0.3755,0.4330
1,11625,1,11.70,177.977,2.316,2.401,2.3164,-0.0084,2.0000,2.4013,-0.0679,0.0000,0.0083,-0.0002,0.0000,0.4720,0.4081,0.4000,0.4642
1,11646,1,11.81,177.987,2.408,2.463,2.4084,-0.0130,2.0000,2.4627,-0.0720,0.0000,-0.0020,0.0000,0.0000,0.5090,0.4356,0.4224,0.4957
1,11665,1,11.82,177.984,2.514,2.524,2.5144,-0.0163,2.0000,2.5240,-0.0757,0.0000,0.0016,0.0000,0.0000,0.5424,0.4602,0.4425,0.5246
1,11685,1,11.78,177.980,2.586,2.592,2.5858,-0.0211,2.0000,2.5925,-0.0778,0.0000,0.0053,-0.0000,0.0000,0.5776,0.4878,0.4634,0.5533
1,11705,1,11.75,177.983,2.622,2.669,2.6222,-0.0250,2.0000,2.6687,-0.0801,0.0000,0.0027,-0.0001,0.0000,0.6128,0.5148,0.4840,0.5823
1,11726,1,11.82,177.983,2.637,2.697,2.6366,-0.0248,2.0000,2.6969,-0.0809,0.0000,0.0020,-0.0001,0.0000,0.6498,0.5447,0.5124,0.6176
1,11745,1,11.76,177.992,2.665,2.732,2.6650,-0.0244,2.0000,2.7315,-0.0809,0.0000,-0.0065,-0.0000,0.0000,0.6832,0.5727,0.5394,0.6500
1,11765,1,11.75,177.994,2.735,2.758,2.7355,-0.0239,2.0000,2.7582,-0.0819,0.0000,-0.0089,0.0001,0.0000,0.7184,0.6005,0.5663,0.6838
1,11785,1,11.78,177.990,2.813,2.799,2.8132,-0.0276,2.0000,2.7991,-0.0827,0.0000,-0.0045,0.0002,0.0000,0.7536,0.6286,0.5873,0.7117
1,11806,1,11.82,177.978,2.856,2.833,2.8562,-0.0350,2.0000,2.8329,-0.0840,0.0000,0.0075,0.0001,0.0000,0.7906,0.6576,0.6024,0.7350
1,11825,1,11.76,177.994,2.884,2.868,2.8845,-0.0318,2.0000,2.8677,-0.0850,0.0000,-0.0081,-0.0002,0.0000,0.8240,0.6842,0.6315,0.7719
1,11845,1,11.77,178.000,2.891,2.847,2.8909,-0.0373,2.0000,2.8468,-0.0860,0.0000,-0.0147,0.0002,0.0000,0.8592,0.7111,0.6472,0.7948
1,11865,1,11.83,178.000,2.898,2.826,2.8975,-0.0355,2.0000,2.8257,-0.0854,0.0000,-0.0143,0.0003,0.0000,0.8944,0.7411,0.6782,0.8304
1,11886,1,11.79,177.986,2.939,2.797,2.9393,-0.0326,2.0000,2.7966,-0.0848,0.0000,-0.0006,0.0003,0.0000,0.9314,0.7729,0.7126,0.8700
1,11905,1,11.76,177.987,3.016,2.753,3.0156,-0.0373,2.0000,2.7533,-0.0826,0.0000,-0.0014,0.0000,0.0000,0.9648,0.8054,0.7335,0.8928
1,11925,1,11.74,178.001,3.064,2.718,3.0636,-0.0404,2.0000,2.7178,-0.0815,0.0000,-0.0156,0.0003,0.0000,1.0000,0.8362,0.7561,0.9185
1,11945,1,11.79,178.021,3.062,2.676,3.0623,-0.0441,2.0000,2.6765,-0.0803,0.0000,-0.0354,0.0008,0.0000,1.0000,0.8379,0.7513,0.9103
1,11966,1,11.77,178.049,3.034,2.692,3.0339,-0.0428,2.0000,2.6917,-0.0808,0.0000,-0.0631,0.0014,0.0000,1.0000,0.8357,0.7529,0.9116
1,11986,1,11.80,178.061,2.964,2.686,2.9636,-0.0443,2.0000,2.6859,-0.0806,0.0000,-0.0756,0.0017,0.0000,1.0000,0.8355,0.7503,0.9082
1,12006,1,11.80,178.079,2.823,2.703,2.8234,-0.0401,2.0000,2.7028,-0.0811,0.0000,-0.0936,0.0021,0.0000,1.0000,0.8337,0.7576,0.9157
1,12026,1,11.82,178.104,2.662,2.734,2.6625,-0.0350,2.0000,2.7338,-0.0820,0.0000,-0.1187,0.0026,0.0000,1.0000,0.8308,0.7660,0.9248
1,12046,1,11.80,178.136,2.529,2.751,2.5289,-0.0265,2.0000,2.7508,-0.0825,0.0000,-0.1508,0.0033,0.0000,1.0000,0.8283,0.7819,0.9403
1,12066,1,11.82,178.161,2.450,2.675,2.4501,-0.0206,2.0000,2.6754,-0.0803,0.0000,-0.1755,0.0039,0.0000,1.0000,0.8318,0.7983,0.9511
1,12086,1,11.80,178.185,2.433,2.516,2.4329,-0.0175,2.0000,2.5155,-0.0755,0.0000,-0.1995,0.0044,0.0000,1.0000,0.8403,0.8140,0.9561
1,12106,1,11.82,178.196,2.451,2.333,2.4507,-0.0157,2.0000,2.3333,-0.0700,0.0000,-0.2102,0.0046,0.0000,1.0000,0.8508,0.8286,0.9594
1,12126,1,11.80,178.257,2.510,2.201,2.5103,-0.0175,2.0000,2.2009,-0.0660,0.0000,-0.2714,0.0060,0.0000,1.0000,0.8560,0.8329,0.9530
1,12146,1,11.74,178.347,2.550,2.146,2.5497,-0.0206,2.0000,2.1464,-0.0644,0.0000,-0.3619,0.0080,0.0000,1.0000,0.8553,0.8299,0.9428
1,12166,1,11.75,178.446,2.576,2.176,2.5762,-0.0210,2.0000,2.1762,-0.0653,0.0000,-0.4610,0.0101,0.0000,1.0000,0.8491,0.8274,0.9376
1,12186,1,11.80,178.624,2.602,2.285,2.6021,-0.0217,2.0000,2.2848,-0.0685,0.0000,-0.6389,0.0141,0.0000,1.0000,0.8348,0.8194,0.9284
1,12206,1,11.69,178.774,2.614,2.400,2.6144,-0.0241,2.0000,2.4000,-0.0720,0.0000,-0.7887,0.0174,0.0000,1.0000,0.8213,0.8077,0.9170
1,12226,1,11.82,178.958,2.618,2.495,2.6184,-0.0265,2.0000,2.4951,-0.0749,0.0000,-0.9729,0.0214,0.0000,1.0000,0.8075,0.7972,0.9041
1,12246,1,11.75,179.072,2.603,2.575,2.6026,-0.0233,2.0000,2.5747,-0.0772,0.0000,-1.0864,0.0239,0.0000,1.0000,0.7977,0.7989,0.9056
1,12266,1,11.82,179.113,2.588,2.569,2.5876,-0.0260,2.0000,2.5688,-0.0771,0.0000,-1.1279,0.0248,0.0000,1.0000,0.7962,0.7939,0.8984
1,12286,1,11.81,179.151,2.537,2.437,2.5368,-0.0230,2.0000,2.4369,-0.0731,0.0000,-1.1659,0.0256,0.0000,1.0000,0.8025,0.8077,0.9026
1,12306,1,11.82,179.127,2.543,2.262,2.5428,-0.0206,2.0000,2.2616,-0.0678,0.0000,-1.1411,0.0251,0.0000,1.0000,0.8141,0.8231,0.9086
1,12326,1,11.83,179.130,2.521,2.115,2.5207,-0.0240,2.0000,2.1147,-0.0634,0.0000,-1.1445,0.0252,0.0000,1.0000,0.8228,0.8252,0.9017
1,12346,1,11.80,179.230,2.420,1.985,2.4198,-0.0242,2.0000,1.9848,-0.0595,0.0000,-1.2448,0.0274,0.0000,1.0000,0.8261,0.8326,0.8969
1,12366,1,11.77,179.327,2.256,1.729,2.2557,-0.0174,2.0000,1.7286,-0.0519,0.0000,-1.3420,0.0295,0.0000,1.0000,0.8372,0.8615,0.9062
1,12386,1,11.83,179.396,2.141,1.381,2.1408,-0.0103,2.0000,1.3808,-0.0414,0.0000,-1.4108,0.0310,0.0000,1.0000,0.8551,0.8965,0.9173
1,12406,1,11.80,179.494,2.033,1.033,2.0331,-0.0074,2.0000,1.0332,-0.0310,0.0000,-1.5083,0.0332,0.0000,1.0000,0.8716,0.9233,0.9189
1,12426,1,11.76,179.621,1.947,0.756,1.9470,-0.0008,2.0000,0.7561,-0.0227,0.0000,23.3643,-0.5000,0.0000,0.0449,0.9581,0.0000,1.0000
1,12446,1,11.80,179.842,1.861,0.578,1.8614,0.0022,2.0000,0.5780,-0.0173,0.0000,23.1439,-0.5000,0.0000,0.0293,0.9623,0.0000,1.0000
1,12466,1,11.74,180.076,1.804,0.414,1.8043,0.0067,2.0000,0.4139,-0.0124,0.0000,22.9090,-0.5000,0.0000,0.0111,0.9627,0.0000,1.0000
1,12486,1,11.75,180.221,1.818,0.241,1.8181,0.0090,2.0000,0.2413,-0.0072,0.0000,22.7648,-0.5000,0.0000,0.0000,0.9682,0.0034,1.0000
1,12506,1,11.83,180.225,1.881,0.060,1.8814,0.0085,2.0000,0.0596,-0.0018,0.0000,22.7606,-0.5000,0.0000,0.0000,0.9797,0.0133,1.0000
1,12526,1,11.82,180.089,2.035,-0.110,2.0354,0.0083,2.0000,-0.1104,0.0033,0.0000,22.8965,-0.5000,0.0000,0.0000,0.9901,0.0229,1.0000
1,12546,1,11.82,179.978,2.203,-0.077,2.2033,-0.0011,2.0000,-0.0774,0.0023,0.0000,23.0079,-0.5000,0.0000,0.0000,1.0000,0.0025,0.9932
1,12566,1,11.80,179.860,2.357,-0.024,2.3572,-0.0034,2.0000,-0.0239,0.0007,0.0000,23.1258,-0.5000,0.0000,0.0054,1.0000,0.0000,0.9918
1,12586,1,11.83,179.629,2.595,0.006,2.5951,-0.0104,2.0000,0.0056,-0.0002,0.0000,23.3561,-0.5000,0.0000,0.0207,1.0000,0.0000,0.9800
1,12606,1,11.83,179.351,2.791,0.082,2.7915,-0.0237,2.0000,0.0821,-0.0025,0.0000,23.6341,-0.5000,0.0000,0.0500,1.0000,0.0000,0.9594
1,12626,1,11.82,179.109,2.953,0.159,2.9532,-0.0312,2.0000,0.1589,-0.0048,0.0000,23.8769,-0.5000,0.0000,0.0677,1.0000,0.0000,0.9503
1,12646,1,11.84,178.985,2.940,0.254,2.9402,-0.0373,2.0000,0.2538,-0.0076,0.0000,24.0004,-0.5000,0.0000,0.0835,1.0000,0.0000,0.9448
1,12666,1,11.83,178.976,2.984,0.428,2.9839,-0.0355,2.0000,0.4281,-0.0128,0.0000,24.0097,-0.5000,0.0000,0.0904,1.0000,0.0000,0.9576
1,12687,1,11.83,178.866,3.097,0.508,3.0970,-0.0442,2.0000,0.5081,-0.0152,0.0000,24.1192,-0.5000,0.0000,0.1093,1.0000,0.0000,0.9468
1,12706,1,11.83,178.594,3.210,0.499,3.2101,-0.0391,2.0000,0.4994,-0.0152,0.0000,24.3919,-0.5000,0.0000,0.1008,1.0000,0.0000,0.9557
1,12726,1,11.77,178.244,3.443,0.479,3.4425,-0.0489,2.0000,0.4790,-0.0150,0.0000,24.7413,-0.5000,0.0000,0.1163,1.0000,0.0000,0.9383
1,12746,1,11.83,177.852,3.626,0.457,3.6258,-0.0582,2.0000,0.4569,-0.0144,0.0000,25.1333,-0.5000,0.0000,0.1300,1.0000,0.0000,0.9215
1,12767,1,11.83,177.459,3.788,0.413,3.7876,-0.0626,2.0000,0.4129,-0.0137,0.0000,25.5262,-0.5000,0.0000,0.1356,1.0000,0.0000,0.9132
1,12786,1,11.82,177.094,3.900,0.370,3.9001,-0.0725,2.0000,0.3701,-0.0124,0.0000,25.8915,-0.5000,0.0000,0.1483,1.0000,0.0000,0.8949
1,12806,1,11.84,176.801,3.965,0.386,3.9649,-0.0750,2.0000,0.3863,-0.0111,0.0000,26.1845,-0.5000,0.0000,0.1498,1.0000,0.0000,0.8889
1,12826,1,11.75,176.614,3.940,0.465,3.9400,-0.0816,2.0000,0.4646,-0.0116,0.0000,26.3711,-0.5000,0.0000,0.1603,1.0000,0.0000,0.8796
1,12847,1,11.82,176.671,3.869,0.693,3.8692,-0.0792,2.0000,0.6927,-0.0139,0.0000,26.3149,-0.5000,0.0000,0.1609,1.0000,0.0000,0.8873
1,12866,1,11.83,177.001,3.727,0.959,3.7270,-0.0802,2.0000,0.9594,-0.0288,0.0000,25.9848,-0.5000,0.0000,0.1878,1.0000,0.0000,0.9114
1,12886,1,11.84,177.499,3.464,1.296,3.4639,-0.0751,2.0000,1.2963,-0.0389,0.0000,25.4868,-0.5000,0.0000,0.1982,1.0000,0.0000,0.9370
1,12907,1,11.82,178.055,3.147,1.535,3.1466,-0.0600,2.0000,1.5351,-0.0461,0.0000,24.9306,-0.5000,0.0000,0.1893,1.0000,0.0000,0.9752
1,12927,1,11.82,178.594,2.812,1.708,2.8124,-0.0459,2.0000,1.7077,-0.0512,0.0000,24.3919,-0.5000,0.0000,0.1763,0.9904,0.0000,1.0000
1,12947,1,11.81,179.155,2.651,1.883,2.6513,-0.0319,2.0000,1.8835,-0.0565,0.0000,23.8305,-0.5000,0.0000,0.1588,0.9557,0.0000,1.0000
1,12967,1,11.82,179.683,2.468,1.847,2.4676,-0.0275,2.0000,1.8471,-0.0554,0.0000,23.3025,-0.5000,0.0000,0.1494,0.9498,0.0000,1.0000
1,12987,1,11.85,180.145,2.334,1.612,2.3344,-0.0163,2.0000,1.6120,-0.0484,0.0000,22.8407,-0.5000,0.0000,0.1179,0.9415,0.0000,1.0000
1,13007,1,11.83,180.517,2.267,1.375,2.2672,-0.0147,2.0000,1.3745,-0.0412,0.0000,22.4685,-0.4943,0.0000,0.1045,0.9505,0.0000,1.0000
1,13027,1,11.83,180.950,2.241,1.348,2.2413,-0.0044,2.0000,1.3478,-0.0404,0.0000,22.0356,-0.4848,0.0000,0.0853,0.9314,0.0000,1.0000
1,13047,1,11.82,181.523,2.428,1.523,2.4283,-0.0024,2.0000,1.5227,-0.0457,0.0000,21.4628,-0.4722,0.0000,0.0928,0.9163,0.0000,1.0000
1,13067,1,11.82,182.126,2.725,1.702,2.7252,-0.0167,2.0000,1.7019,-0.0511,0.0000,20.8598,-0.4589,0.0000,0.1329,0.9326,0.0000,1.0000
1,13087,1,11.82,182.726,2.917,1.805,2.9171,-0.0276,2.0000,1.8051,-0.0542,0.0000,20.2592,-0.4457,0.0000,0.1638,0.9469,0.0003,1.0000
1,13107,1,11.83,183.374,3.017,1.874,3.0173,-0.0401,2.0000,1.8739,-0.0562,0.0000,19.6117,-0.4315,0.0000,0.2174,0.9678,0.0247,1.0000
1,13127,1,11.76,184.075,2.932,1.995,2.9322,-0.0418,2.0000,1.9947,-0.0598,0.0000,18.9100,-0.4160,0.0000,0.2515,0.9638,0.0483,1.0000
1,13147,1,11.85,184.740,2.800,2.055,2.7998,-0.0385,2.0000,2.0555,-0.0617,0.0000,18.2459,-0.4014,0.0000,0.2741,0.9536,0.0739,1.0000
1,13167,1,11.81,185.256,2.672,2.063,2.6716,-0.0321,2.0000,2.0627,-0.0619,0.0000,17.7297,-0.3901,0.0000,0.2841,0.9405,0.0961,1.0000
1,13187,1,11.83,185.716,2.602,2.028,2.6025,-0.0243,2.0000,2.0284,-0.0609,0.0000,17.2693,-0.3799,0.0000,0.2888,0.9269,0.1184,1.0000
1,13207,1,11.82,186.229,2.562,2.094,2.5624,-0.0243,2.0000,2.0944,-0.0628,0.0000,16.7568,-0.3687,0.0000,0.3113,0.9229,0.1370,1.0000
1,13227,1,11.81,186.841,2.493,2.266,2.4928,-0.0251,2.0000,2.2657,-0.0680,0.0000,16.1447,-0.3552,0.0000,0.3398,0.9142,0.1537,1.0000
1,13247,1,11.80,187.493,2.367,2.392,2.3673,-0.0191,2.0000,2.3917,-0.0718,0.0000,15.4923,-0.3408,0.0000,0.3565,0.8946,0.1748,1.0000
1,13267,1,11.80,188.229,2.269,2.492,2.2687,-0.0137,2.0000,2.4920,-0.0748,0.0000,14.7562,-0.3246,0.0000,0.3780,0.8778,0.2012,1.0000
1,13287,1,11.82,189.026,2.177,2.467,2.1774,-0.0111,2.0000,2.4666,-0.0740,0.0000,13.9592,-0.3071,0.0000,0.4080,0.8742,0.2378,1.0000
1,13307,1,11.74,189.985,2.070,2.428,2.0703,-0.0095,2.0000,2.4280,-0.0728,0.0000,13.0005,-0.2860,0.0000,0.4470,0.8734,0.2823,1.0000
1,13327,1,11.82,191.147,1.880,2.419,1.8797,0.0011,2.0000,2.4187,-0.0726,0.0000,11.8382,-0.2604,0.0000,0.4769,0.8526,0.3340,1.0000
1,13347,1,11.80,192.238,1.810,2.544,1.8100,0.0036,2.0000,2.5440,-0.0763,0.0000,10.7475,-0.2364,0.0000,0.5200,0.8402,0.3745,1.0000
1,13367,1,11.78,192.992,1.764,2.693,1.7635,0.0121,2.0000,2.6933,-0.0808,0.0000,9.9931,-0.2198,0.0000,0.5360,0.8141,0.3987,1.0000
1,13387,1,11.74,193.606,1.781,2.791,1.7809,0.0101,2.0000,2.7908,-0.0837,0.0000,9.3792,-0.2063,0.0000,0.5671,0.8123,0.4199,1.0000
1,13407,1,11.79,194.209,1.801,2.917,1.8010,0.0136,2.0000,2.9173,-0.0875,0.0000,8.7768,-0.1931,0.0000,0.5867,0.7978,0.4388,1.0000
1,13427,1,11.80,194.802,1.908,3.077,1.9075,0.0137,2.0000,3.0769,-0.0923,0.0000,8.1836,-0.1800,0.0000,0.6126,0.7881,0.4553,1.0000
1,13447,1,11.83,195.317,2.075,3.208,2.0749,0.0084,2.0000,3.2085,-0.0963,0.0000,7.6688,-0.1687,0.0000,0.6457,0.7907,0.4701,1.0000
1,13467,1,11.79,195.741,2.259,3.279,2.2592,-0.0012,2.0000,3.2788,-0.0984,0.0000,7.2442,-0.1594,0.0000,0.6836,0.8057,0.4845,1.0000
1,13487,1,11.80,196.122,2.395,3.349,2.3950,-0.0123,2.0000,3.3495,-0.1005,0.0000,6.8639,-0.1510,0.0000,0.7226,0.8237,0.4970,1.0000
1,13507,1,11.80,196.538,2.434,3.344,2.4343,-0.0129,2.0000,3.3442,-0.1003,0.0000,6.4472,-0.1418,0.0000,0.7421,0.8251,0.5157,1.0000
1,13527,1,11.77,197.005,2.393,3.301,2.3932,-0.0215,2.0000,3.3007,-0.0990,0.0000,5.9809,-0.1316,0.0000,0.7799,0.8451,0.5388,1.0000
1,13547,1,11.76,197.532,2.296,3.292,2.2961,-0.0131,2.0000,3.2919,-0.0988,0.0000,5.4535,-0.1200,0.0000,0.7862,0.8286,0.5625,1.0000
1,13568,1,11.80,197.984,2.204,3.310,2.2037,-0.0128,2.0000,3.3097,-0.0993,0.0000,5.0019,-0.1100,0.0000,0.8056,0.8271,0.5813,1.0000
1,13587,1,11.78,198.338,2.166,3.355,2.1661,-0.0049,2.0000,3.3546,-0.0993,0.0000,4.6479,-0.1100,0.0000,0.7896,0.8111,0.5813,1.0000
1,13607,1,11.80,198.664,2.246,3.375,2.2464,-0.0038,2.0000,3.3751,-0.1006,0.0000,4.3212,-0.1023,0.0000,0.8031,0.8063,0.5942,1.0000
1,13627,1,11.78,199.011,2.355,3.395,2.3546,-0.0084,2.0000,3.3951,-0.1013,0.0000,3.9744,-0.0951,0.0000,0.8266,0.8142,0.6074,1.0000
1,13648,1,11.80,199.329,2.398,3.382,2.3982,-0.0119,2.0000,3.3819,-0.1019,0.0000,3.6562,-0.0874,0.0000,0.8489,0.8201,0.6214,1.0000
1,13667,1,11.76,199.680,2.423,3.353,2.4226,-0.0161,2.0000,3.3530,-0.1015,0.0000,3.3059,-0.0804,0.0000,0.8714,0.8293,0.6362,1.0000
1,13687,1,11.80,200.114,2.412,3.391,2.4118,-0.0161,2.0000,3.3911,-0.1006,0.0000,2.8711,-0.0727,0.0000,0.8868,0.8311,0.6534,1.0000
1,13707,1,11.82,200.513,2.416,3.466,2.4164,-0.0145,2.0000,3.4662,-0.1017,0.0000,2.4720,-0.0632,0.0000,0.9027,0.8256,0.6702,1.0000
1,13728,1,11.78,200.845,2.459,3.575,2.4588,-0.0132,2.0000,3.5754,-0.1040,0.0000,2.1403,-0.0544,0.0000,0.9176,0.8184,0.6833,1.0000
1,13747,1,11.78,201.070,2.549,3.669,2.5492,-0.0182,2.0000,3.6693,-0.1073,0.0000,1.9155,-0.0471,0.0000,0.9421,0.8218,0.6913,1.0000
1,13767,1,11.73,201.226,2.595,3.747,2.5945,-0.0224,2.0000,3.7467,-0.1101,0.0000,1.7599,-0.0421,0.0000,0.9606,0.8247,0.6956,1.0000
1,13788,1,11.80,201.346,2.595,3.800,2.5953,-0.0247,2.0000,3.7999,-0.1124,0.0000,1.6389,-0.0387,0.0000,0.9720,0.8246,0.6978,1.0000
1,13808,1,11.79,201.489,2.542,3.837,2.5415,-0.0254,2.0000,3.8367,-0.1140,0.0000,1.4966,-0.0361,0.0000,0.9786,0.8227,0.6999,1.0000
1,13828,1,11.70,201.684,2.443,3.802,2.4426,-0.0233,2.0000,3.8020,-0.1151,0.0000,1.3011,-0.0329,0.0000,0.9808,0.8164,0.7040,1.0000
1,13848,1,11.77,201.958,2.360,3.744,2.3604,-0.0142,2.0000,3.7437,-0.1141,0.0000,1.0276,-0.0286,0.0000,0.9711,0.8003,0.7146,1.0000
1,13868,1,11.83,202.239,2.335,3.724,2.3346,-0.0154,2.0000,3.7244,-0.1123,0.0000,0.7463,-0.0226,0.0000,0.9856,0.8062,0.7302,1.0000
1,13888,1,11.80,202.441,2.332,3.744,2.3322,-0.0111,2.0000,3.7438,-0.1117,0.0000,0.5445,-0.0164,0.0000,0.9893,0.7986,0.7437,1.0000
1,13908,1,11.74,202.621,2.377,3.815,2.3772,-0.0107,2.0000,3.8145,-0.1123,0.0000,0.3643,-0.0120,0.0000,0.9975,0.7968,0.7514,1.0000
1,13928,1,11.82,202.700,2.506,3.871,2.5063,-0.0103,2.0000,3.8715,-0.1144,0.0000,0.2851,-0.0080,0.0000,1.0000,0.7872,0.7505,0.9954
1,13948,1,11.77,202.746,2.705,3.941,2.7052,-0.0180,2.0000,3.9415,-0.1161,0.0000,0.2397,-0.0063,0.0000,1.0000,0.7803,0.7317,0.9765
1,13968,1,11.78,202.844,2.919,4.002,2.9186,-0.0241,2.0000,4.0024,-0.1182,0.0000,0.1415,-0.0053,0.0000,1.0000,0.7741,0.7153,0.9623
1,13988,1,11.79,202.909,3.173,4.006,3.1731,-0.0360,2.0000,4.0059,-0.1201,0.0000,0.0765,-0.0031,0.0000,1.0000,0.7661,0.6879,0.9343
1,14008,1,11.73,202.941,3.388,4.001,3.3875,-0.0481,2.0000,4.0011,-0.1202,0.0000,0.0444,-0.0017,0.0000,1.0000,0.7630,0.6634,0.9071
1,14028,1,11.80,202.950,3.543,3.940,3.5426,-0.0532,2.0000,3.9398,-0.1200,0.0000,0.0355,-0.0010,0.0000,1.0000,0.7619,0.6535,0.8956
1,14048,1,11.80,202.957,3.733,3.879,3.7333,-0.0602,2.0000,3.8793,-0.1182,0.0000,0.0284,-0.0008,0.0000,1.0000,0.7652,0.6433,0.8813
1,14068,1,11.75,202.923,3.909,3.792,3.9090,-0.0673,2.0000,3.7921,-0.1164,0.0000,0.0623,-0.0006,0.0000,1.0000,0.7685,0.6327,0.8667
1,14088,1,11.80,202.876,4.100,3.665,4.1002,-0.0760,2.0000,3.6648,-0.1138,0.0000,0.1098,-0.0014,0.0000,1.0000,0.7752,0.6206,0.8508
1,14108,1,11.82,202.840,4.243,3.564,4.2429,-0.0847,2.0000,3.5635,-0.1099,0.0000,0.1455,-0.0024,0.0000,1.0000,0.7849,0.6108,0.8355
1,14128,1,11.80,202.839,4.284,3.572,4.2840,-0.0927,2.0000,3.5723,-0.1069,0.0000,0.1469,-0.0032,0.0000,1.0000,0.7926,0.6008,0.8210
1,14148,1,11.82,202.829,4.257,3.637,4.2569,-0.0925,2.0000,3.6373,-0.1072,0.0000,0.1561,-0.0032,0.0000,1.0000,0.7921,0.6006,0.8214
1,14168,1,11.82,202.834,4.224,3.696,4.2236,-0.0903,2.0000,3.6956,-0.1091,0.0000,0.1512,-0.0034,0.0000,1.0000,0.7886,0.6012,0.8263
1,14188,1,11.74,202.824,4.214,3.707,4.2145,-0.0876,2.0000,3.7071,-0.1109,0.0000,0.1614,-0.0033,0.0000,1.0000,0.7849,0.6031,0.8315
1,14208,1,11.76,202.762,4.238,3.667,4.2383,-0.0892,2.0000,3.6669,-0.1112,0.0000,0.2230,-0.0036,0.0000,1.0000,0.7847,0.5992,0.8287
1,14228,1,11.81,202.739,4.238,3.637,4.2377,-0.0901,2.0000,3.6370,-0.1100,0.0000,0.2468,-0.0049,0.0000,1.0000,0.7898,0.5998,0.8297
1,14248,1,11.81,202.750,4.198,3.622,4.1975,-0.0909,2.0000,3.6222,-0.1091,0.0000,0.2352,-0.0054,0.0000,1.0000,0.7926,0.5999,0.8290
1,14268,1,11.80,202.755,4.136,3.610,4.1356,-0.0887,2.0000,3.6100,-0.1087,0.0000,0.2302,-0.0052,0.0000,1.0000,0.7930,0.6053,0.8330
1,14288,1,11.82,202.749,4.077,3.583,4.0768,-0.0855,2.0000,3.5832,-0.1083,0.0000,0.2359,-0.0051,0.0000,1.0000,0.7935,0.6123,0.8391
1,14308,1,11.81,202.767,3.999,3.575,3.9994,-0.0851,2.0000,3.5753,-0.1075,0.0000,0.2185,-0.0052,0.0000,1.0000,0.7954,0.6148,0.8401
1,14328,1,11.75,202.771,3.893,3.569,3.8934,-0.0808,2.0000,3.5686,-0.1073,0.0000,0.2142,-0.0048,0.0000,1.0000,0.7951,0.6239,0.8481
1,14348,1,11.74,202.746,3.804,3.557,3.8036,-0.0756,2.0000,3.5566,-0.1071,0.0000,0.2391,-0.0047,0.0000,1.0000,0.7953,0.6347,0.8582
1,14368,1,11.85,202.723,3.766,3.569,3.7659,-0.0731,2.0000,3.5693,-0.1067,0.0000,0.2626,-0.0053,0.0000,1.0000,0.7971,0.6404,0.8643
1,14388,1,11.70,202.710,3.744,3.572,3.7443,-0.0693,2.0000,3.5719,-0.1071,0.0000,0.2756,-0.0058,0.0000,1.0000,0.7974,0.6472,0.8729
1,14408,1,11.80,202.687,3.775,3.563,3.7753,-0.0696,2.0000,3.5627,-0.1072,0.0000,0.2982,-0.0061,0.0000,1.0000,0.7978,0.6466,0.8730
1,14428,1,11.82,202.710,3.777,3.550,3.7772,-0.0696,2.0000,3.5499,-0.1069,0.0000,0.2755,-0.0066,0.0000,1.0000,0.7994,0.6470,0.8739
1,14448,1,11.73,202.758,3.784,3.546,3.7840,-0.0716,2.0000,3.5458,-0.1065,0.0000,0.2271,-0.0061,0.0000,1.0000,0.7991,0.6438,0.8690
1,14468,1,11.80,202.787,3.771,3.537,3.7707,-0.0709,2.0000,3.5373,-0.1064,0.0000,0.1981,-0.0050,0.0000,1.0000,0.7972,0.6454,0.8681
1,14488,1,11.84,202.764,3.787,3.497,3.7866,-0.0708,2.0000,3.4966,-0.1061,0.0000,0.2217,-0.0044,0.0000,1.0000,0.7965,0.6462,0.8671
1,14508,1,11.81,202.757,3.847,3.444,3.8472,-0.0709,2.0000,3.4444,-0.1049,0.0000,0.2281,-0.0049,0.0000,1.0000,0.8000,0.6485,0.8680
1,14529,1,11.80,202.763,3.908,3.357,3.9075,-0.0732,2.0000,3.3568,-0.1033,0.0000,0.2227,-0.0050,0.0000,1.0000,0.8034,0.6470,0.8637
1,14548,1,11.79,202.755,3.939,3.270,3.9393,-0.0770,2.0000,3.2703,-0.0981,0.0000,0.2306,-0.0051,0.0000,1.0000,0.8139,0.6498,0.8561
1,14568,1,11.80,202.760,3.913,3.222,3.9130,-0.0792,2.0000,3.2224,-0.0967,0.0000,0.2258,-0.0050,0.0000,1.0000,0.8166,0.6482,0.8515
1,14588,1,11.80,202.820,3.817,3.234,3.8167,-0.0790,2.0000,3.2336,-0.0970,0.0000,0.1659,-0.0037,0.0000,1.0000,0.8133,0.6479,0.8492
1,14609,1,11.80,202.850,3.690,3.259,3.6896,-0.0719,2.0000,3.2587,-0.0978,0.0000,0.1357,-0.0030,0.0000,1.0000,0.8104,0.6606,0.8621
1,14628,1,11.82,202.860,3.636,3.277,3.6356,-0.0671,2.0000,3.2772,-0.0978,0.0000,0.1259,-0.0030,0.0000,1.0000,0.8104,0.6703,0.8718
1,14648,1,11.79,202.909,3.609,3.331,3.6095,-0.0643,2.0000,3.3306,-0.0983,0.0000,0.0769,-0.0028,0.0000,1.0000,0.8089,0.6748,0.8770
1,14668,1,11.77,203.011,3.582,3.422,3.5816,-0.0649,2.0000,3.4215,-0.0999,0.0000,-0.0251,-0.0017,0.0000,1.0000,0.8035,0.6703,0.8735
1,14689,1,11.82,203.135,3.521,3.528,3.5211,-0.0645,2.0000,3.5282,-0.1026,0.0000,-0.1497,0.0006,0.0000,1.0000,0.7936,0.6656,0.8698
1,14708,1,11.80,203.242,3.434,3.628,3.4337,-0.0609,2.0000,3.6284,-0.1089,0.0000,-0.2568,0.0056,0.0000,1.0000,0.7710,0.6604,0.8668
1,14729,1,11.69,203.450,3.388,3.684,3.3884,-0.0554,2.0000,3.6837,-0.1105,0.0000,-0.4643,0.0102,0.0000,1.0000,0.7585,0.6681,0.8687
1,14749,1,11.69,203.751,3.354,3.709,3.3538,-0.0565,2.0000,3.7090,-0.1113,0.0000,-0.7654,0.0168,0.0000,1.0000,0.7438,0.6645,0.8533
1,14769,1,11.81,204.076,3.258,3.750,3.2578,-0.0526,2.0000,3.7500,-0.1125,0.0000,-1.0902,0.0240,0.0000,1.0000,0.7270,0.6699,0.8469
1,14789,1,11.80,204.422,3.142,3.780,3.1418,-0.0506,2.0000,3.7799,-0.1134,0.0000,-1.4369,0.0316,0.0000,1.0000,0.7100,0.6720,0.8356
1,14809,1,11.80,204.856,2.974,3.872,2.9736,-0.0470,2.0000,3.8723,-0.1162,0.0000,-1.8702,0.0411,0.0000,1.0000,0.6854,0.6737,0.8237
1,14829,1,11.80,205.305,2.834,3.957,2.8345,-0.0394,2.0000,3.9566,-0.1187,0.0000,-2.3197,0.0510,0.0000,1.0000,0.6605,0.6838,0.8191
1,14849,1,11.74,205.695,2.693,4.023,2.6932,-0.0349,2.0000,4.0229,-0.1207,0.0000,-2.7097,0.0596,0.0000,1.0000,0.6394,0.6888,0.8110
1,14869,1,11.79,206.024,2.529,4.039,2.5289,-0.0263,2.0000,4.0389,-0.1212,0.0000,-3.0382,0.0668,0.0000,1.0000,0.6240,0.7051,0.8137
1,14889,1,11.78,206.314,2.480,3.993,2.4805,-0.0177,2.0000,3.9932,-0.1198,0.0000,-3.3290,0.0732,0.0000,1.0000,0.6139,0.7251,0.8182
1,14909,1,11.80,206.605,2.456,3.938,2.4559,-0.0187,2.0000,3.9383,-0.1182,0.0000,-3.6200,0.0796,0.0000,1.0000,0.6044,0.7263,0.8034
1,14929,1,11.68,206.931,2.425,3.876,2.4253,-0.0180,2.0000,3.8755,-0.1163,0.0000,-3.9456,0.0868,0.0000,1.0000,0.5939,0.7314,0.7904
1,14949,1,11.77,207.342,2.394,3.808,2.3939,-0.0141,2.0000,3.8083,-0.1143,0.0000,-4.3561,0.0958,0.0000,1.0000,0.5798,0.7433,0.7802
1,14969,1,11.80,207.898,2.407,3.691,2.4074,-0.0138,2.0000,3.6905,-0.1107,0.0000,-4.9125,0.1081,0.0000,1.0000,0.5624,0.7509,0.7562
1,14989,1,11.81,208.503,2.376,3.635,2.3762,-0.0159,2.0000,3.6354,-0.1091,0.0000,-5.5174,0.1214,0.0000,1.0000,0.5391,0.7500,0.7254
1,15009,1,11.80,209.208,2.288,3.626,2.2877,-0.0131,2.0000,3.6256,-0.1088,0.0000,-6.2228,0.1369,0.0000,1.0000,0.5087,0.7563,0.7000
1,15029,1,11.68,209.963,2.213,3.641,2.2129,-0.0125,2.0000,3.6411,-0.1092,0.0000,-6.9778,0.1500,0.0000,1.0000,0.4815,0.7564,0.6749
1,15049,1,11.83,210.707,2.038,3.679,2.0376,-0.0090,2.0000,3.6792,-0.1104,0.0000,-7.7215,0.1500,0.0000,1.0000,0.4792,0.7612,0.6820
1,15069,1,11.75,211.493,1.857,3.780,1.8569,-0.0003,2.0000,3.7799,-0.1134,0.0000,-8.5075,0.1500,0.0000,1.0000,0.4732,0.7726,0.6994
1,15089,1,11.70,212.288,1.752,3.887,1.7524,0.0109,2.0000,3.8870,-0.1166,0.0000,-9.3030,0.1500,0.0000,1.0000,0.4668,0.7886,0.7218
1,15109,1,11.82,212.985,1.639,3.980,1.6386,0.0072,2.0000,3.9801,-0.1194,0.0000,-9.9994,0.1500,0.0000,1.0000,0.4612,0.7756,0.7144
1,15129,1,11.81,213.622,1.497,4.070,1.4970,0.0189,2.0000,4.0697,-0.1221,0.0000,-10.6362,0.1500,0.0000,1.0000,0.4558,0.7936,0.7378
1,15149,1,11.80,214.225,1.416,4.103,1.4164,0.0217,2.0000,4.1030,-0.1231,0.0000,-11.2393,0.1500,0.0000,1.0000,0.4538,0.7972,0.7433
1,15169,1,11.80,214.826,1.338,4.129,1.3376,0.0249,2.0000,4.1294,-0.1239,0.0000,-11.8409,0.1500,0.0000,1.0000,0.4522,0.8021,0.7499
1,15189,1,11.80,215.414,1.225,4.100,1.2252,0.0266,2.0000,4.0995,-0.1230,0.0000,-12.4289,0.1500,0.0000,1.0000,0.4540,0.8073,0.7533
1,15209,1,11.77,216.051,1.134,4.091,1.1336,0.0362,2.0000,4.0914,-0.1227,0.0000,-13.0659,0.1500,0.0000,1.0000,0.4545,0.8270,0.7724
1,15229,1,11.81,216.666,1.118,4.077,1.1182,0.0350,2.0000,4.0771,-0.1223,0.0000,-13.6809,0.1500,0.0000,1.0000,0.4554,0.8255,0.7701
1,15249,1,11.78,217.254,1.122,4.033,1.1219,0.0387,2.0000,4.0326,-0.1210,0.0000,-14.2683,0.1500,0.0000,1.0000,0.4580,0.8355,0.7774
1,15269,1,11.70,217.827,1.098,3.963,1.0978,0.0355,2.0000,3.9628,-0.1189,0.0000,-14.8419,0.1500,0.0000,1.0000,0.4622,0.8333,0.7711
1,15289,1,11.81,218.411,1.107,3.927,1.1069,0.0365,2.0000,3.9266,-0.1178,0.0000,-15.4258,0.1500,0.0000,1.0000,0.4644,0.8374,0.7730
1,15309,1,11.80,218.981,1.048,3.918,1.0478,0.0375,2.0000,3.9181,-0.1175,0.0000,-15.9953,0.1500,0.0000,1.0000,0.4649,0.8400,0.7751
1,15329,1,11.80,219.555,1.026,3.907,1.0263,0.0397,2.0000,3.9073,-0.1172,0.0000,-16.5691,0.1500,0.0000,1.0000,0.4656,0.8450,0.7795
1,15349,1,11.80,220.180,1.055,3.880,1.0547,0.0446,2.0000,3.8795,-0.1164,0.0000,-17.1942,0.1500,0.0000,1.0000,0.4672,0.8565,0.7893
1,15369,1,11.82,220.840,1.106,3.868,1.1059,0.0383,2.0000,3.8677,-0.1160,0.0000,-17.8542,0.1500,0.0000,1.0000,0.4679,0.8446,0.7767
1,15389,1,11.76,221.430,1.188,3.882,1.1876,0.0391,2.0000,3.8822,-0.1165,0.0000,-18.4444,0.1500,0.0000,1.0000,0.4671,0.8453,0.7782
1,15409,1,11.77,221.985,1.283,3.902,1.2833,0.0376,2.0000,3.9016,-0.1170,0.0000,-18.9998,0.1500,0.0000,1.0000,0.4659,0.8411,0.7752
1,15429,1,11.80,222.621,1.354,3.885,1.3537,0.0259,2.0000,3.8849,-0.1165,0.0000,-19.6358,0.1500,0.0000,1.0000,0.4669,0.8186,0.7517
1,15449,1,11.79,223.219,1.287,3.858,1.2865,0.0267,2.0000,3.8581,-0.1157,0.0000,-20.2331,0.1500,0.0000,1.0000,0.4685,0.8220,0.7535
1,15469,1,11.76,223.788,1.221,3.793,1.2206,0.0305,2.0000,3.7930,-0.1138,0.0000,-20.8027,0.1500,0.0000,1.0000,0.4724,0.8334,0.7610
1,15490,1,11.80,224.084,1.072,3.709,1.0721,0.0347,2.0000,3.7092,-0.1113,0.0000,-21.0984,0.1500,0.0000,1.0000,0.4774,0.8468,0.7693
1,15509,1,11.78,224.180,1.016,3.598,1.0162,0.0354,2.0000,3.5983,-0.1113,0.0000,-21.1947,0.1500,0.0000,1.0000,0.4774,0.8483,0.7709
1,15529,1,11.77,224.265,0.933,3.408,0.9328,0.0409,2.0000,3.4076,-0.1079,0.0000,-21.2795,0.1500,0.0000,1.0000,0.4841,0.8659,0.7818
1,15549,1,11.80,224.346,0.918,3.252,0.9183,0.0419,2.0000,3.2523,-0.1022,0.0000,-21.3607,0.1500,0.0000,1.0000,0.4955,0.8794,0.7838
1,15570,1,11.80,224.432,0.896,3.116,0.8961,0.0425,2.0000,3.1163,-0.0976,0.0000,-21.4461,0.1500,0.0000,1.0000,0.5049,0.8898,0.7850
1,15589,1,11.80,224.495,0.863,2.990,0.8628,0.0426,2.0000,2.9905,-0.0897,0.0000,-21.5099,0.1500,0.0000,1.0000,0.5206,0.9057,0.7852
1,15609,1,11.74,224.559,0.823,2.900,0.8229,0.0446,2.0000,2.8995,-0.0870,0.0000,-21.5732,0.1500,0.0000,1.0000,0.5260,0.9153,0.7892
1,15629,1,11.67,224.596,0.798,2.867,0.7975,0.0459,2.0000,2.8672,-0.0860,0.0000,-21.6105,0.1500,0.0000,1.0000,0.5280,0.9197,0.7917
1,15650,1,11.81,224.586,0.777,2.882,0.7769,0.0463,2.0000,2.8816,-0.0864,0.0000,-21.6007,0.1500,0.0000,1.0000,0.5271,0.9198,0.7927
1,15669,1,11.80,224.578,0.746,2.921,0.7455,0.0504,2.0000,2.9210,-0.0864,0.0000,-21.5924,0.1500,0.0000,1.0000,0.5271,0.9279,0.8008
1,15690,1,11.81,224.606,0.754,2.955,0.7537,0.0494,2.0000,2.9553,-0.0876,0.0000,-21.6204,0.1500,0.0000,1.0000,0.5247,0.9236,0.7988
1,15710,1,11.80,224.606,0.769,2.992,0.7690,0.0520,2.0000,2.9918,-0.0887,0.0000,-21.6203,0.1500,0.0000,1.0000,0.5227,0.9268,0.8041
1,15730,1,11.80,224.563,0.779,3.025,0.7789,0.0483,2.0000,3.0255,-0.0898,0.0000,-21.5780,0.1500,0.0000,1.0000,0.5205,0.9171,0.7966
1,15750,1,11.80,224.527,0.805,3.020,0.8046,0.0487,2.0000,3.0203,-0.0908,0.0000,-21.5412,0.1500,0.0000,1.0000,0.5185,0.9159,0.7974
1,15770,1,11.79,224.544,0.832,3.009,0.8315,0.0482,2.0000,3.0090,-0.0906,0.0000,-21.5583,0.1500,0.0000,1.0000,0.5188,0.9152,0.7964
1,15790,1,11.81,224.534,0.887,2.948,0.8868,0.0449,2.0000,2.9481,-0.0903,0.0000,-21.5483,0.1500,0.0000,1.0000,0.5195,0.9092,0.7897
1,15810,1,11.79,224.482,0.942,2.872,0.9420,0.0466,2.0000,2.8715,-0.0884,0.0000,-21.4963,0.1500,0.0000,1.0000,0.5231,0.9163,0.7931
1,15830,1,11.76,224.461,0.955,2.877,0.9555,0.0374,2.0000,2.8768,-0.0861,0.0000,-21.4754,0.1500,0.0000,1.0000,0.5277,0.9025,0.7748
1,15850,1,11.80,224.430,0.861,2.943,0.8609,0.0399,2.0000,2.9429,-0.0863,0.0000,-21.4446,0.1500,0.0000,1.0000,0.5274,0.9071,0.7797
1,15870,1,11.76,224.364,0.767,3.010,0.7673,0.0480,2.0000,3.0096,-0.0883,0.0000,-21.3788,0.1500,0.0000,1.0000,0.5234,0.9194,0.7959
1,15890,1,11.81,224.300,0.720,3.020,0.7197,0.0451,2.0000,3.0195,-0.0903,0.0000,-21.3144,0.1500,0.0000,1.0000,0.5194,0.9095,0.7901
1,15910,1,11.80,224.270,0.667,3.058,0.6669,0.0535,2.0000,3.0576,-0.0906,0.0000,-21.2845,0.1500,0.0000,1.0000,0.5188,0.9259,0.8071
1,15930,1,11.81,224.261,0.681,3.079,0.6814,0.0514,2.0000,3.0788,-0.0917,0.0000,-21.2753,0.1500,0.0000,1.0000,0.5165,0.9194,0.8028
1,15950,1,11.80,224.244,0.668,3.058,0.6676,0.0534,2.0000,3.0578,-0.0924,0.0000,-21.2588,0.1500,0.0000,1.0000,0.5153,0.9221,0.8068
1,15970,1,11.77,224.234,0.711,3.007,0.7110,0.0561,2.0000,3.0070,-0.0917,0.0000,-21.2486,0.1500,0.0000,1.0000,0.5165,0.9288,0.8123
1,15990,1,11.77,224.254,0.864,2.964,0.8640,0.0556,2.0000,2.9640,-0.0902,0.0000,-21.2687,0.1500,0.0000,1.0000,0.5196,0.9308,0.8112
1,16010,1,11.81,224.259,1.084,2.887,1.0839,0.0483,2.0000,2.8874,-0.0889,0.0000,-21.2738,0.1500,0.0000,1.0000,0.5222,0.9187,0.7966
1,16030,1,11.77,224.226,1.298,2.808,1.2982,0.0396,2.0000,2.8077,-0.0866,0.0000,-21.2406,0.1500,0.0000,1.0000,0.5268,0.9060,0.7792
1,16050,1,11.80,224.217,1.469,2.741,1.4690,0.0274,2.0000,2.7408,-0.0842,0.0000,-21.2318,0.1500,0.0000,1.0000,0.5315,0.8863,0.7548
1,16070,1,11.81,224.169,1.665,2.744,1.6650,0.0244,2.0000,2.7441,-0.0822,0.0000,-21.1831,0.1500,0.0000,1.0000,0.5356,0.8843,0.7487
1,16090,1,11.76,224.093,1.968,2.782,1.9681,0.0211,2.0000,2.7819,-0.0823,0.0000,-21.1072,0.1500,0.0000,1.0000,0.5354,0.8775,0.7422
1,16110,1,11.80,224.026,2.530,2.834,2.5297,0.0135,2.0000,2.8336,-0.0835,0.0000,-21.0408,0.1500,0.0000,1.0000,0.5331,0.8601,0.7270
1,16130,1,11.82,223.985,3.236,2.862,3.2362,-0.0117,2.0000,2.8619,-0.0850,0.0000,-20.9995,0.1500,0.0000,1.0000,0.5300,0.8065,0.6765
1,16150,1,11.76,223.879,4.012,2.831,4.0124,-0.0421,2.0000,2.8312,-0.0859,0.0000,-20.8933,0.1500,0.0000,1.0000,0.5283,0.7441,0.6158
1,16170,1,11.78,223.744,4.798,2.757,4.7984,-0.0694,2.0000,2.7568,-0.0849,0.0000,-20.7583,0.1500,0.0000,1.0000,0.5301,0.6913,0.5612
1,16190,1,11.80,223.653,5.626,2.557,5.6262,-0.1060,2.0000,2.5566,-0.0827,0.0000,-20.6679,0.1500,0.0000,1.0000,0.5346,0.6226,0.4880
1,16210,1,11.80,223.535,6.342,2.218,6.3424,-0.1396,2.0000,2.2181,-0.0767,0.0000,-20.5498,0.1500,0.0000,1.0000,0.5466,0.5675,0.4209
1,16230,1,11.76,223.391,6.889,1.809,6.8894,-0.1744,2.0000,1.8089,-0.0665,0.0000,-20.4055,0.1500,0.0000,1.0000,0.5669,0.5181,0.3511
1,16250,1,11.76,223.233,7.217,1.454,7.2169,-0.1968,2.0000,1.4538,-0.0543,0.0000,-20.2478,0.1500,0.0000,1.0000,0.5915,0.4978,0.3064
1,16270,1,11.81,223.011,7.389,1.296,7.3893,-0.2128,2.0000,1.2958,-0.0436,0.0000,-20.0251,0.1500,0.0000,1.0000,0.6128,0.4872,0.2744
1,16290,1,11.74,222.730,7.482,1.260,7.4823,-0.2141,2.0000,1.2602,-0.0389,0.0000,-19.7449,0.1500,0.0000,1.0000,0.6223,0.4940,0.2717
1,16310,1,11.75,222.530,7.506,1.346,7.5061,-0.2239,2.0000,1.3458,-0.0378,0.0000,-19.5448,0.1500,0.0000,1.0000,0.6244,0.4765,0.2521
1,16330,1,11.81,222.343,7.405,1.542,7.4054,-0.2235,2.0000,1.5415,-0.0404,0.0000,-19.3571,0.1500,0.0000,1.0000,0.6193,0.4723,0.2530
1,16350,1,11.80,222.180,7.208,1.777,7.2077,-0.2197,2.0000,1.7768,-0.0462,0.0000,-19.1949,0.1500,0.0000,1.0000,0.6075,0.4681,0.2606
1,16371,1,11.80,222.033,6.959,2.031,6.9589,-0.2112,2.0000,2.0310,-0.0533,0.0000,-19.0478,0.1500,0.0000,1.0000,0.5934,0.4709,0.2775
1,16390,1,11.80,221.839,6.681,2.226,6.6808,-0.2066,2.0000,2.2262,-0.0668,0.0000,-18.8536,0.1500,0.0000,1.0000,0.5664,0.4532,0.2868
1,16410,1,11.73,221.617,6.277,2.440,6.2768,-0.1874,2.0000,2.4397,-0.0732,0.0000,-18.6320,0.1500,0.0000,1.0000,0.5536,0.4788,0.3252
1,16430,2,11.80,221.269,5.981,2.508,5.9814,-0.1706,2.0000,2.5085,-0.0753,0.0000,-8.2831,0.1500,0.0000,1.0000,0.5495,0.5084,0.3589
1,16451,2,11.83,220.965,5.818,2.526,5.8184,-0.1586,2.0000,2.5263,-0.0758,0.0000,-7.9794,0.1500,0.0000,1.0000,0.5484,0.5313,0.3829
1,16470,2,11.78,220.682,5.799,2.540,5.7992,-0.1500,2.0000,2.5399,-0.0758,0.0000,-7.6969,0.1500,0.0000,1.0000,0.5484,0.5485,0.4001
1,16490,2,11.70,220.349,5.895,2.526,5.8952,-0.1509,2.0000,2.5258,-0.0762,0.0000,-7.3631,0.1500,0.0000,1.0000,0.5476,0.5458,0.3982
1,16510,2,11.77,219.870,6.130,2.478,6.1301,-0.1492,2.0000,2.4785,-0.0758,0.0000,-6.8848,0.1500,0.0000,1.0000,0.5485,0.5501,0.4016
1,16531,2,11.80,219.312,6.460,2.414,6.4597,-0.1641,2.0000,2.4135,-0.0744,0.0000,-6.3268,0.1500,0.0000,1.0000,0.5513,0.5232,0.3719
1,16550,2,11.80,218.766,6.781,2.410,6.7811,-0.1767,2.0000,2.4103,-0.0723,0.0000,-5.7805,0.1272,0.0000,1.0000,0.6010,0.5020,0.3923
1,16571,2,11.81,218.213,7.096,2.402,7.0957,-0.1921,2.0000,2.4016,-0.0720,0.0000,-5.2277,0.1150,0.0000,1.0000,0.6259,0.4717,0.3858
1,16590,2,11.80,217.647,7.307,2.390,7.3070,-0.2040,2.0000,2.3902,-0.0720,0.0000,-4.6615,0.1150,0.0000,1.0000,0.6259,0.4479,0.3620
1,16611,2,11.80,217.082,7.345,2.385,7.3450,-0.2215,2.0000,2.3853,-0.0717,0.0000,-4.0968,0.1026,0.0000,1.0000,0.6515,0.4135,0.3518
1,16631,2,11.80,216.442,7.053,2.398,7.0526,-0.2203,2.0000,2.3981,-0.0716,0.0000,-3.4569,0.0901,0.0000,1.0000,0.6766,0.4162,0.3790
1,16651,2,11.90,215.572,6.557,2.363,6.5567,-0.2129,2.0000,2.3629,-0.0719,0.0000,-2.5861,0.0761,0.0000,1.0000,0.7040,0.4302,0.4220
1,16671,2,11.78,214.490,5.865,2.306,5.8653,-0.1964,2.0000,2.3060,-0.0709,0.0000,-1.5050,0.0569,0.0000,1.0000,0.7444,0.4655,0.4935
1,16691,2,11.70,213.294,5.081,2.331,5.0808,-0.1620,2.0000,2.3311,-0.0692,0.0000,-0.3086,0.0331,0.0000,1.0000,0.7954,0.5377,0.6099
1,16711,2,11.81,212.018,4.304,2.277,4.3044,-0.1354,2.0000,2.2766,-0.0699,0.0000,0.9670,0.0068,0.0000,1.0000,0.8466,0.5894,0.7157
1,16731,2,11.77,210.664,3.522,2.185,3.5218,-0.1022,2.0000,2.1848,-0.0683,0.0000,2.3211,-0.0213,0.0000,1.0000,0.9060,0.6591,0.8382
1,16751,2,11.79,209.266,2.877,2.053,2.8769,-0.0634,2.0000,2.0528,-0.0655,0.0000,3.7197,-0.0511,0.0000,1.0000,0.9710,0.7421,0.9754
1,16771,2,11.79,207.967,2.460,1.903,2.4602,-0.0344,2.0000,1.9032,-0.0616,0.0000,5.0180,-0.0818,0.0000,0.9052,0.9457,0.7132,1.0000
1,16791,2,11.76,206.644,2.189,1.777,2.1889,-0.0182,2.0000,1.7766,-0.0571,0.0000,6.3419,-0.1104,0.0000,0.8156,0.9222,0.6650,1.0000
1,16811,2,11.77,205.189,2.131,1.659,2.1309,-0.0143,2.0000,1.6589,-0.0533,0.0000,7.7966,-0.1395,0.0000,0.7496,0.9220,0.6144,1.0000
1,16831,2,11.80,203.546,2.056,1.622,2.0557,-0.0017,2.0000,1.6218,-0.0498,0.0000,9.4392,-0.1715,0.0000,0.6603,0.9038,0.5574,1.0000
1,16851,2,11.80,201.697,1.994,1.600,1.9939,-0.0093,2.0000,1.6001,-0.0487,0.0000,11.2887,-0.2077,0.0000,0.6032,0.9212,0.4874,1.0000
1,16871,2,11.79,199.560,1.889,1.518,1.8891,0.0024,2.0000,1.5181,-0.0480,0.0000,13.4254,-0.2484,0.0000,0.4985,0.8992,0.4073,1.0000
1,16891,2,11.79,197.350,1.987,1.400,1.9870,0.0070,2.0000,1.4001,-0.0455,0.0000,15.6354,-0.2954,0.0000,0.3953,0.8949,0.3182,1.0000
1,16911,2,11.80,195.191,2.020,1.257,2.0199,-0.0029,2.0000,1.2574,-0.0420,0.0000,17.7940,-0.3440,0.0000,0.3179,0.9218,0.2280,1.0000
1,16931,2,11.79,193.066,1.854,1.212,1.8537,-0.0123,2.0000,1.2121,-0.0377,0.0000,19.9195,-0.3915,0.0000,0.2416,0.9491,0.1416,1.0000
1,16951,2,11.74,190.781,1.392,1.185,1.3917,-0.0085,2.0000,1.1851,-0.0364,0.0000,22.2046,-0.4382,0.0000,0.1405,0.9442,0.0508,1.0000
1,16971,2,11.70,188.240,0.617,1.265,0.6172,0.0097,2.0000,1.2647,-0.0356,0.0000,24.7451,-0.4885,0.0000,0.0494,0.9137,0.0000,1.0000
1,16991,2,11.76,185.431,-0.453,1.421,-0.4525,0.0417,2.0000,1.4210,-0.0379,0.0000,27.5540,-0.5000,0.0000,0.0000,0.8530,0.0069,1.0000
1,17011,2,11.80,182.516,-1.755,1.543,-1.7551,0.0715,2.0000,1.5426,-0.0426,0.0000,30.4697,-0.5000,0.0000,0.0000,0.8002,0.0506,1.0000
1,17031,2,11.82,179.660,-3.269,1.843,-3.2686,0.1299,2.0000,1.8430,-0.0463,0.0000,33.3250,-0.5000,0.0000,0.0000,0.7203,0.1328,1.0000
1,17051,2,11.80,176.825,-4.683,2.287,-4.6827,0.1984,2.0000,2.2868,-0.0553,0.0000,36.1600,-0.5000,0.0000,0.0000,0.6368,0.2049,1.0000
1,17071,2,11.76,174.170,-5.781,2.637,-5.7807,0.2638,2.0000,2.6366,-0.0686,0.0000,38.8155,-0.5000,0.0000,0.0000,0.5648,0.2555,1.0000
1,17091,2,11.81,171.633,-6.486,3.074,-6.4855,0.3084,2.0000,3.0740,-0.0791,0.0000,41.3520,-0.5000,0.0000,0.0000,0.5206,0.2837,1.0000
1,17111,2,11.81,169.460,-6.803,3.619,-6.8035,0.3411,2.0000,3.6188,-0.0922,0.0000,43.5256,-0.5000,0.0000,0.0000,0.4848,0.2959,1.0000
1,17131,2,11.81,167.403,-6.738,3.994,-6.7383,0.3532,2.0000,3.9943,-0.1086,0.0000,45.5825,-0.5000,0.0000,0.0000,0.4588,0.2867,1.0000
1,17151,2,11.80,165.406,-6.425,4.186,-6.4251,0.3458,2.0000,4.1858,-0.1198,0.0000,47.5796,-0.5000,0.0000,0.0000,0.4495,0.2672,1.0000
1,17171,2,11.75,163.431,-6.092,4.328,-6.0924,0.3320,2.0000,4.3284,-0.1256,0.0000,49.5541,-0.5000,0.0000,0.0000,0.4500,0.2481,1.0000
1,17191,2,11.77,161.364,-5.893,4.566,-5.8932,0.3133,2.0000,4.5665,-0.1299,0.0000,51.6211,-0.5000,0.0000,0.0000,0.4551,0.2255,1.0000
1,17211,2,11.81,159.196,-5.932,4.886,-5.9321,0.3013,2.0000,4.8857,-0.1370,0.0000,53.7896,-0.5000,0.0000,0.0000,0.4530,0.2050,1.0000
1,17231,2,11.74,156.926,-6.265,4.962,-6.2648,0.2942,2.0000,4.9619,-0.1466,0.0000,56.0591,-0.5000,0.0000,0.0000,0.4450,0.1859,1.0000
1,17251,2,11.79,154.813,-6.802,4.896,-6.8019,0.3196,2.0000,4.8958,-0.1489,0.0000,58.1720,-0.5000,0.0000,0.0000,0.4284,0.2083,1.0000
1,17271,2,11.80,153.122,-7.212,4.816,-7.2116,0.3490,2.0000,4.8164,-0.1469,0.0000,59.8639,-0.5000,0.0000,0.0000,0.4159,0.2381,1.0000
1,17291,2,11.82,151.850,-7.316,4.640,-7.3156,0.3711,2.0000,4.6399,-0.1445,0.0000,61.1354,-0.5000,0.0000,0.0000,0.4081,0.2601,1.0000
1,17311,2,11.82,151.263,-7.182,4.569,-7.1816,0.3806,2.0000,4.5691,-0.1392,0.0000,61.7221,-0.5000,0.0000,0.0000,0.4097,0.2741,1.0000
1,17332,2,11.74,151.294,-6.901,4.538,-6.9005,0.3683,2.0000,4.5378,-0.1371,0.0000,61.6909,-0.5000,0.0000,0.0000,0.4180,0.2663,1.0000
1,17351,2,11.82,151.484,-6.896,4.545,-6.8962,0.3480,2.0000,4.5447,-0.1363,0.0000,61.5010,-0.5000,0.0000,0.0000,0.4288,0.2496,1.0000
1,17371,2,11.81,151.628,-7.183,4.543,-7.1826,0.3464,2.0000,4.5426,-0.1363,0.0000,61.3573,-0.5000,0.0000,0.0000,0.4297,0.2482,1.0000
1,17391,2,11.80,151.852,-7.836,4.439,-7.8360,0.3548,2.0000,4.4387,-0.1332,0.0000,61.1330,-0.5000,0.0000,0.0000,0.4291,0.2593,1.0000
1,17412,2,11.80,152.050,-8.618,4.187,-8.6185,0.3876,2.0000,4.1870,-0.1256,0.0000,60.9358,-0.5000,0.0000,0.0000,0.4218,0.2952,1.0000
1,17431,2,11.80,152.249,-9.309,3.981,-9.3093,0.4243,2.0000,3.9810,-0.1256,0.0000,60.7366,-0.5000,0.0000,0.0000,0.4051,0.3231,1.0000
1,17451,2,11.80,152.484,-9.751,3.874,-9.7508,0.4558,2.0000,3.8744,-0.1194,0.0000,60.5011,-0.5000,0.0000,0.0000,0.3982,0.3519,1.0000
1,17472,2,11.81,152.744,-9.958,3.872,-9.9576,0.4719,2.0000,3.8716,-0.1162,0.0000,60.2416,-0.5000,0.0000,0.0000,0.3949,0.3660,1.0000
1,17492,2,11.74,152.952,-10.175,3.970,-10.1754,0.4760,2.0000,3.9699,-0.1161,0.0000,60.0336,-0.5000,0.0000,0.0000,0.3933,0.3687,1.0000
1,17511,2,11.73,153.069,-10.335,4.098,-10.3347,0.4891,2.0000,4.0981,-0.1229,0.0000,59.9168,-0.5000,0.0000,0.0000,0.3812,0.3702,1.0000
1,17532,2,11.80,153.167,-10.344,4.278,-10.3444,0.5000,2.0000,4.2782,-0.1283,0.0000,59.8183,-0.5000,0.0000,0.0000,0.3717,0.3717,1.0000
1,17552,2,11.80,153.298,-10.186,4.378,-10.1858,0.4987,2.0000,4.3785,-0.1314,0.0000,59.6877,-0.5000,0.0000,0.0000,0.3691,0.3678,1.0000
1,17572,2,11.83,153.506,-9.926,4.455,-9.9258,0.4899,2.0000,4.4550,-0.1337,0.0000,59.4797,-0.5000,0.0000,0.0000,0.3701,0.3599,1.0000
1,17592,2,11.74,153.820,-9.659,4.513,-9.6586,0.4840,2.0000,4.5130,-0.1354,0.0000,59.1652,-0.5000,0.0000,0.0000,0.3705,0.3543,1.0000
1,17612,2,11.80,154.240,-9.352,4.597,-9.3522,0.4715,2.0000,4.5973,-0.1379,0.0000,58.7452,-0.5000,0.0000,0.0000,0.3727,0.3434,1.0000
1,17632,2,11.80,154.789,-8.990,4.724,-8.9904,0.4609,2.0000,4.7244,-0.1417,0.0000,58.1965,-0.5000,0.0000,0.0000,0.3729,0.3321,1.0000
1,17652,2,11.83,155.535,-8.540,4.862,-8.5402,0.4497,2.0000,4.8619,-0.1459,0.0000,57.4505,-0.5000,0.0000,0.0000,0.3729,0.3199,1.0000
1,17672,2,11.80,156.642,-8.121,4.989,-8.1208,0.4308,2.0000,4.9890,-0.1497,0.0000,56.3438,-0.5000,0.0000,0.0000,0.3764,0.3020,1.0000
1,17692,2,11.80,158.044,-7.806,5.016,-7.8063,0.4113,2.0000,5.0157,-0.1505,0.0000,54.9412,-0.5000,0.0000,0.0000,0.3836,0.2862,1.0000
1,17712,2,11.78,159.571,-7.607,4.956,-7.6074,0.3966,2.0000,4.9557,-0.1487,0.0000,53.4143,-0.5000,0.0000,0.0000,0.3918,0.2765,1.0000
1,17732,2,11.70,160.954,-7.567,4.861,-7.5672,0.3858,2.0000,4.8609,-0.1458,0.0000,52.0313,-0.5000,0.0000,0.0000,0.3998,0.2709,1.0000
1,17752,2,11.80,162.043,-7.704,4.754,-7.7037,0.3815,2.0000,4.7536,-0.1426,0.0000,50.9429,-0.5000,0.0000,0.0000,0.4054,0.2710,1.0000
1,17772,2,11.80,162.790,-8.072,4.819,-8.0720,0.3788,2.0000,4.8194,-0.1446,0.0000,50.1951,-0.5000,0.0000,0.0000,0.4044,0.2665,1.0000
1,17792,2,11.80,163.587,-8.790,5.041,-8.7899,0.3883,2.0000,5.0408,-0.1512,0.0000,49.3985,-0.5000,0.0000,0.0000,0.3926,0.2669,1.0000
1,17812,2,11.82,164.541,-9.928,5.362,-9.9280,0.4173,2.0000,5.3618,-0.1609,0.0000,48.4443,-0.5000,0.0000,0.0000,0.3697,0.2795,1.0000
1,17832,2,11.82,165.398,-11.005,5.736,-11.0046,0.4793,2.0000,5.7361,-0.1721,0.0000,47.5878,-0.5000,0.0000,0.0000,0.3348,0.3137,1.0000
1,17852,2,11.82,165.667,-11.669,6.193,-11.6693,0.5000,2.0000,6.1929,-0.1858,0.0000,47.3186,-0.5000,0.0000,0.0000,0.3142,0.3142,1.0000
1,17872,2,11.78,165.593,-11.864,6.502,-11.8636,0.5000,2.0000,6.5023,-0.1951,0.0000,47.3923,-0.5000,0.0000,0.0000,0.3049,0.3049,1.0000
1,17892,2,11.75,165.556,-11.860,6.634,-11.8599,0.5000,2.0000,6.6344,-0.1990,0.0000,47.4296,-0.5000,0.0000,0.0000,0.3010,0.3010,1.0000
1,17912,2,11.82,165.568,-11.788,6.587,-11.7883,0.5000,2.0000,6.5875,-0.1976,0.0000,47.4179,-0.5000,0.0000,0.0000,0.3024,0.3024,1.0000
1,17932,2,11.78,165.565,-11.567,6.474,-11.5671,0.5000,2.0000,6.4741,-0.1942,0.0000,47.4201,-0.5000,0.0000,0.0000,0.3058,0.3058,1.0000
1,17952,2,11.77,165.575,-11.410,6.430,-11.4098,0.5000,2.0000,6.4304,-0.1929,0.0000,47.4103,-0.5000,0.0000,0.0000,0.3071,0.3071,1.0000
1,17972,2,11.82,165.592,-11.415,6.337,-11.4148,0.5000,2.0000,6.3368,-0.1901,0.0000,47.3930,-0.5000,0.0000,0.0000,0.3099,0.3099,1.0000
1,17992,2,11.80,165.595,-11.366,6.324,-11.3664,0.5000,2.0000,6.3239,-0.1897,0.0000,47.3904,-0.5000,0.0000,0.0000,0.3103,0.3103,1.0000
1,18012,2,11.80,165.602,-11.268,6.260,-11.2680,0.5000,2.0000,6.2603,-0.1878,0.0000,47.3835,-0.5000,0.0000,0.0000,0.3122,0.3122,1.0000
1,18032,2,11.81,165.668,-11.101,6.019,-11.1014,0.5000,2.0000,6.0186,-0.1806,0.0000,47.3179,-0.5000,0.0000,0.0000,0.3194,0.3194,1.0000
1,18052,2,11.76,165.775,-10.844,5.599,-10.8437,0.5000,2.0000,5.5989,-0.1680,0.0000,47.2102,-0.5000,0.0000,0.0000,0.3320,0.3320,1.0000
1,18072,2,11.76,165.904,-10.366,5.008,-10.3662,0.5000,2.0000,5.0078,-0.1502,0.0000,47.0817,-0.5000,0.0000,0.0000,0.3498,0.3498,1.0000
1,18092,2,11.80,166.042,-9.683,4.357,-9.6831,0.5000,2.0000,4.3566,-0.1307,0.0000,46.9438,-0.5000,0.0000,0.0000,0.3693,0.3693,1.0000
1,18112,2,11.80,166.301,-8.809,3.611,-8.8090,0.4842,2.0000,3.6107,-0.1083,0.0000,46.6844,-0.5000,0.0000,0.0000,0.3980,0.3819,1.0000
1,18132,2,11.78,166.920,-7.692,3.049,-7.6922,0.4441,2.0000,3.0495,-0.0915,0.0000,46.0650,-0.5000,0.0000,0.0000,0.4327,0.3735,1.0000
1,18152,2,11.73,167.421,-6.667,2.709,-6.6667,0.3882,2.0000,2.7091,-0.0813,0.0000,45.5640,-0.5000,0.0000,0.0000,0.4714,0.3456,1.0000
1,18172,2,11.80,167.658,-5.977,2.471,-5.9772,0.3438,2.0000,2.4714,-0.0741,0.0000,45.3270,-0.5000,0.0000,0.0000,0.5047,0.3196,1.0000
1,18192,2,11.77,167.614,-5.458,2.114,-5.4584,0.3264,2.0000,2.1140,-0.0634,0.0000,45.3717,-0.5000,0.0000,0.0000,0.5283,0.3182,1.0000
1,18212,2,11.80,167.455,-4.617,1.473,-4.6174,0.3172,2.0000,1.4726,-0.0442,0.0000,45.5308,-0.5000,0.0000,0.0000,0.5578,0.3341,1.0000
1,18232,2,11.78,167.372,-3.365,0.753,-3.3654,0.2870,2.0000,0.7526,-0.0226,0.0000,45.6131,-0.5000,0.0000,0.0000,0.6066,0.3360,1.0000
1,18252,2,11.80,167.320,-1.837,0.063,-1.8368,0.2342,2.0000,0.0633,-0.0019,0.0000,45.6656,-0.5000,0.0000,0.0000,0.6785,0.3164,1.0000
1,18272,2,11.74,167.294,-0.130,-0.661,-0.1299,0.1745,2.0000,-0.6611,0.0198,0.0000,45.6915,-0.5000,0.0000,0.0000,0.7707,0.2881,1.0000
1,18293,2,11.69,167.217,1.815,-1.513,1.8155,0.1076,2.0000,-1.5126,0.0454,0.0000,45.7680,-0.5000,0.0000,0.0000,0.8975,0.2518,1.0000
1,18312,2,11.76,167.088,3.904,-2.400,3.9041,0.0294,2.0000,-2.4001,0.0454,0.0000,45.8975,-0.5000,0.0000,0.0000,1.0000,0.1370,0.9706
1,18332,2,11.78,166.869,5.976,-3.114,5.9763,-0.0573,2.0000,-3.1138,0.0720,0.0000,46.1163,-0.5000,0.0000,0.0000,1.0000,0.0257,0.7739
1,18352,2,11.78,166.644,7.994,-3.698,7.9938,-0.1433,2.0000,-3.6978,0.0934,0.0000,46.3412,-0.5000,0.0000,0.0775,1.0000,0.0000,0.6320
1,18373,2,11.78,166.528,9.767,-4.175,9.7672,-0.2330,2.0000,-4.1748,0.1109,0.0000,46.4572,-0.5000,0.0000,0.1666,1.0000,0.0000,0.5308
1,18392,2,11.81,166.450,11.164,-4.572,11.1639,-0.3056,2.0000,-4.5719,0.1372,0.0000,46.5355,-0.5000,0.0000,0.2091,1.0000,0.0000,0.4504
1,18412,2,11.82,166.368,12.195,-4.771,12.1951,-0.3660,2.0000,-4.7713,0.1431,0.0000,46.6177,-0.5000,0.0000,0.2573,1.0000,0.0000,0.4121
1,18433,2,11.80,166.273,12.857,-4.666,12.8574,-0.4110,2.0000,-4.6662,0.1400,0.0000,46.7128,-0.5000,0.0000,0.2975,1.0000,0.0000,0.3952
1,18453,2,11.79,166.230,13.177,-4.293,13.1768,-0.4401,2.0000,-4.2925,0.1288,0.0000,46.7554,-0.5000,0.0000,0.3312,1.0000,0.0000,0.3949
1,18473,2,11.80,166.221,13.198,-3.864,13.1977,-0.4536,2.0000,-3.8641,0.1159,0.0000,46.7641,-0.5000,0.0000,0.3541,1.0000,0.0000,0.4028
1,18493,2,11.81,166.195,13.019,-3.511,13.0191,-0.4542,2.0000,-3.5112,0.1053,0.0000,46.7900,-0.5000,0.0000,0.3656,1.0000,0.0000,0.4136
1,18513,2,11.77,166.147,12.746,-3.235,12.7458,-0.4439,2.0000,-3.2346,0.0970,0.0000,46.8383,-0.5000,0.0000,0.3675,1.0000,0.0000,0.4269
1,18533,2,11.77,166.142,12.490,-3.055,12.4903,-0.4320,2.0000,-3.0546,0.0916,0.0000,46.8432,-0.5000,0.0000,0.3652,1.0000,0.0000,0.4381
1,18553,2,11.74,166.162,12.311,-3.073,12.3112,-0.4184,2.0000,-3.0726,0.0922,0.0000,46.8237,-0.5000,0.0000,0.3552,1.0000,0.0000,0.4441
1,18573,2,11.78,166.114,12.229,-3.280,12.2291,-0.4114,2.0000,-3.2803,0.0984,0.0000,46.8717,-0.5000,0.0000,0.3434,1.0000,0.0000,0.4406
1,18593,2,11.75,166.025,12.149,-3.464,12.1488,-0.4131,2.0000,-3.4644,0.1039,0.0000,46.9601,-0.5000,0.0000,0.3386,1.0000,0.0000,0.4338
1,18613,2,11.83,166.033,11.920,-3.478,11.9202,-0.4138,2.0000,-3.4776,0.1043,0.0000,46.9527,-0.5000,0.0000,0.3387,1.0000,0.0000,0.4330
1,18633,2,11.77,166.182,11.422,-3.343,11.4215,-0.4142,2.0000,-3.3427,0.1003,0.0000,46.8034,-0.5000,0.0000,0.3434,1.0000,0.0000,0.4372
1,18653,2,11.80,166.438,10.370,-3.047,10.3702,-0.4055,2.0000,-3.0468,0.0914,0.0000,46.5478,-0.5000,0.0000,0.3469,1.0000,0.0000,0.4512
1,18673,2,11.81,166.669,8.608,-2.597,8.6082,-0.3716,2.0000,-2.5969,0.0779,0.0000,46.3161,-0.5000,0.0000,0.3370,1.0000,0.0000,0.4842
1,18693,2,11.80,166.855,6.264,-1.949,6.2638,-0.2959,2.0000,-1.9494,0.0585,0.0000,46.1306,-0.5000,0.0000,0.2983,1.0000,0.0000,0.5547
1,18713,2,11.76,166.991,3.760,-1.232,3.7603,-0.1985,2.0000,-1.2319,0.0370,0.0000,45.9946,-0.5000,0.0000,0.2313,1.0000,0.0000,0.6629
1,18733,2,11.80,167.058,1.291,-0.724,1.2906,-0.0860,2.0000,-0.7237,0.0217,0.0000,45.9272,-0.5000,0.0000,0.1097,1.0000,0.0000,0.8162
1,18753,2,11.78,167.113,-0.803,-0.437,-0.8025,0.0141,2.0000,-0.4373,0.0131,0.0000,45.8720,-0.5000,0.0000,0.0000,0.9981,0.0529,1.0000
1,18773,2,11.80,167.137,-2.554,-0.360,-2.5535,0.1025,2.0000,-0.3598,0.0108,0.0000,45.8481,-0.5000,0.0000,0.0000,0.8478,0.1880,1.0000
1,18793,2,11.75,167.166,-4.015,-0.393,-4.0146,0.1709,2.0000,-0.3934,0.0118,0.0000,45.8198,-0.5000,0.0000,0.0000,0.7629,0.2723,1.0000
1,18813,2,11.78,167.324,-5.320,-0.487,-5.3198,0.2291,2.0000,-0.4865,0.0146,0.0000,45.6615,-0.5000,0.0000,0.0000,0.7058,0.3343,1.0000
1,18833,2,11.80,167.577,-6.470,-0.528,-6.4701,0.2862,2.0000,-0.5283,0.0158,0.0000,45.4081,-0.5000,0.0000,0.0000,0.6561,0.3842,1.0000
1,18853,2,11.80,167.709,-7.299,-0.517,-7.2990,0.3417,2.0000,-0.5171,0.0155,0.0000,45.2763,-0.5000,0.0000,0.0000,0.6124,0.4244,1.0000
1,18873,2,11.80,167.748,-7.645,-0.454,-7.6446,0.3783,2.0000,-0.4543,0.0136,0.0000,45.2378,-0.5000,0.0000,0.0000,0.5848,0.4462,1.0000
1,18893,2,11.77,167.729,-7.586,-0.495,-7.5856,0.3937,2.0000,-0.4946,0.0148,0.0000,45.2566,-0.5000,0.0000,0.0000,0.5761,0.4571,1.0000
1,18913,2,11.77,167.655,-7.291,-0.564,-7.2906,0.3885,2.0000,-0.5640,0.0169,0.0000,45.3301,-0.5000,0.0000,0.0000,0.5818,0.4563,1.0000
1,18933,2,11.80,167.571,-6.938,-0.555,-6.9382,0.3741,2.0000,-0.5546,0.0166,0.0000,45.4143,-0.5000,0.0000,0.0000,0.5911,0.4470,1.0000
1,18953,2,11.69,167.469,-6.642,-0.482,-6.6424,0.3564,2.0000,-0.4822,0.0145,0.0000,45.5167,-0.5000,0.0000,0.0000,0.6007,0.4331,1.0000
1,18973,2,11.77,167.384,-6.449,-0.315,-6.4488,0.3435,2.0000,-0.3153,0.0095,0.0000,45.6019,-0.5000,0.0000,0.0000,0.6039,0.4185,1.0000
1,18993,2,11.80,167.315,-6.378,-0.115,-6.3775,0.3376,2.0000,-0.1150,0.0035,0.0000,45.6709,-0.5000,0.0000,0.0000,0.6011,0.4071,1.0000
1,19013,2,11.81,167.280,-6.291,0.032,-6.2912,0.3365,2.0000,0.0323,-0.0010,0.0000,45.7050,-0.5000,0.0000,0.0000,0.5966,0.4011,1.0000
1,19033,2,11.81,167.252,-6.111,0.070,-6.1109,0.3357,2.0000,0.0702,-0.0021,0.0000,45.7339,-0.5000,0.0000,0.0000,0.5958,0.3992,1.0000
1,19053,2,11.78,167.185,-5.792,0.024,-5.7922,0.3290,2.0000,0.0238,-0.0007,0.0000,45.8006,-0.5000,0.0000,0.0000,0.6022,0.3960,1.0000
1,19073,2,11.81,167.157,-5.369,-0.100,-5.3692,0.3172,2.0000,-0.0999,0.0030,0.0000,45.8286,-0.5000,0.0000,0.0000,0.6155,0.3918,1.0000
1,19093,2,11.80,167.140,-4.707,-0.286,-4.7071,0.3115,2.0000,-0.2863,0.0086,0.0000,45.8457,-0.5000,0.0000,0.0000,0.6267,0.3944,1.0000
1,19113,2,11.77,167.039,-3.425,-0.590,-3.4253,0.3019,2.0000,-0.5896,0.0177,0.0000,45.9465,-0.5000,0.0000,0.0000,0.6455,0.3986,1.0000
1,19133,2,11.74,166.895,-1.126,-1.159,-1.1258,0.2663,2.0000,-1.1591,0.0348,0.0000,46.0904,-0.5000,0.0000,0.0000,0.6979,0.3929,1.0000
1,19153,2,11.73,166.700,2.271,-2.025,2.2712,0.1853,2.0000,-2.0255,0.0608,0.0000,46.2850,-0.5000,0.0000,0.0000,0.8182,0.3591,1.0000
1,19174,2,11.80,166.309,6.674,-3.145,6.6739,0.0569,2.0000,-3.1447,0.0943,0.0000,46.6767,-0.5000,0.0000,0.0000,1.0000,0.2544,0.9370
1,19193,2,11.80,165.690,11.785,-4.362,11.7854,-0.1258,2.0000,-4.3616,0.0943,0.0000,47.2953,-0.5000,0.0000,0.0502,1.0000,0.0000,0.6483
1,19213,2,11.70,165.011,16.973,-5.280,16.9730,-0.3399,2.0000,-5.2798,0.1308,0.0000,47.9740,-0.5000,0.0000,0.2489,1.0000,0.0000,0.4395
1,19233,2,11.80,164.309,22.106,-5.925,22.1057,-0.5000,2.0000,-5.9247,0.1584,0.0000,48.6762,-0.5000,0.0000,0.3416,1.0000,0.0000,0.3416
1,19253,2,11.80,163.498,26.911,-6.415,26.9109,-0.5000,2.0000,-6.4148,0.1777,0.0000,49.4879,-0.5000,0.0000,0.3223,1.0000,0.0000,0.3223
1,19273,2,11.81,162.605,31.577,-7.165,31.5767,-0.5000,2.0000,-7.1652,0.1924,0.0000,50.3808,-0.5000,0.0000,0.3076,1.0000,0.0000,0.3076
1,19293,2,11.82,161.597,34.631,-8.184,34.6307,-0.5000,2.0000,-8.1845,0.2150,0.0000,51.3881,-0.5000,0.0000,0.2850,1.0000,0.0000,0.2850
1,19313,2,11.80,159.937,35.559,-9.375,35.5590,-0.5000,2.0000,-9.3751,0.2455,0.0000,53.0482,-0.5000,0.0000,0.2545,1.0000,0.0000,0.2545
1,19334,2,11.77,158.178,35.566,-10.541,35.5658,-0.5000,2.0000,-10.5414,0.2813,0.0000,54.8075,-0.5000,0.0000,0.2187,1.0000,0.0000,0.2187
1,19353,2,11.82,157.849,35.609,-10.811,35.6093,-0.5000,2.0000,-10.8114,0.3243,0.0000,55.1366,-0.5000,0.0000,0.1757,1.0000,0.0000,0.1757
1,19373,2,11.80,158.410,35.645,-10.286,35.6449,-0.5000,2.0000,-10.2863,0.3086,0.0000,54.5759,-0.5000,0.0000,0.1914,1.0000,0.0000,0.1914
1,19394,2,11.80,159.324,35.318,-9.322,35.3182,-0.5000,2.0000,-9.3219,0.2797,0.0000,53.6618,-0.5000,0.0000,0.2203,1.0000,0.0000,0.2203
1,19414,2,11.81,160.547,34.613,-8.022,34.6125,-0.5000,2.0000,-8.0221,0.2407,0.0000,52.4380,-0.5000,0.0000,0.2593,1.0000,0.0000,0.2593
1,19434,2,11.76,162.004,33.501,-6.587,33.5012,-0.5000,2.0000,-6.5871,0.1976,0.0000,50.9819,-0.5000,0.0000,0.3024,1.0000,0.0000,0.3024
1,19454,2,11.79,163.525,31.857,-5.106,31.8569,-0.5000,2.0000,-5.1060,0.1532,0.0000,49.4603,-0.5000,0.0000,0.3468,1.0000,0.0000,0.3468
1,19474,2,11.80,165.067,30.026,-3.683,30.0255,-0.5000,2.0000,-3.6831,0.1105,0.0000,47.9185,-0.5000,0.0000,0.3895,1.0000,0.0000,0.3895
1,19494,2,11.81,166.327,28.162,-2.552,28.1619,-0.5000,2.0000,-2.5522,0.0766,0.0000,46.6588,-0.5000,0.0000,0.4234,1.0000,0.0000,0.4234
1,19514,2,11.83,167.325,26.243,-1.738,26.2428,-0.5000,2.0000,-1.7380,0.0521,0.0000,45.6603,-0.5000,0.0000,0.4479,1.0000,0.0000,0.4479
1,19534,2,11.81,168.080,24.278,-1.206,24.2781,-0.5000,2.0000,-1.2064,0.0362,0.0000,44.9053,-0.5000,0.0000,0.4638,1.0000,0.0000,0.4638
1,19554,2,11.65,168.707,22.092,-0.736,22.0919,-0.5000,2.0000,-0.7365,0.0221,0.0000,44.2783,-0.5000,0.0000,0.4779,1.0000,0.0000,0.4779
1,19574,2,11.80,169.178,19.820,-0.363,19.8199,-0.5000,2.0000,-0.3630,0.0109,0.0000,43.8079,-0.5000,0.0000,0.4891,1.0000,0.0000,0.4891
1,19594,2,11.80,169.674,17.427,0.076,17.4267,-0.5000,2.0000,0.0756,-0.0023,0.0000,43.3115,-0.5000,0.0000,0.5023,1.0000,0.0000,0.5023
1,19614,2,11.81,170.142,14.890,0.493,14.8896,-0.5000,2.0000,0.4927,-0.0148,0.0000,42.8436,-0.5000,0.0000,0.5148,1.0000,0.0000,0.5148
1,19634,2,11.80,170.473,12.430,0.810,12.4300,-0.5000,2.0000,0.8099,-0.0243,0.0000,42.5122,-0.5000,0.0000,0.5243,1.0000,0.0000,0.5243
1,19654,2,11.82,170.655,9.961,1.093,9.9614,-0.4360,2.0000,1.0928,-0.0328,0.0000,42.3301,-0.5000,0.0000,0.5008,1.0000,0.0000,0.5692
1,19674,2,11.76,170.801,7.639,1.382,7.6392,-0.3365,2.0000,1.3817,-0.0415,0.0000,42.1844,-0.5000,0.0000,0.4518,1.0000,0.0000,0.6473
1,19694,2,11.76,170.943,5.505,1.622,5.5051,-0.2413,2.0000,1.6220,-0.0487,0.0000,42.0427,-0.5000,0.0000,0.3911,1.0000,0.0000,0.7402
1,19714,2,11.81,170.974,3.600,1.688,3.6001,-0.1513,2.0000,1.6882,-0.0506,0.0000,42.0113,-0.5000,0.0000,0.3101,1.0000,0.0000,0.8455
1,19734,2,11.80,170.912,2.122,1.628,2.1223,-0.0720,2.0000,1.6277,-0.0488,0.0000,42.0732,-0.5000,0.0000,0.2113,1.0000,0.0000,0.9594
1,19754,2,11.77,170.990,1.130,1.602,1.1296,-0.0037,2.0000,1.6019,-0.0481,0.0000,41.9954,-0.5000,0.0000,0.0944,0.9190,0.0000,1.0000
1,19774,2,11.70,171.187,0.571,1.668,0.5705,0.0399,2.0000,1.6676,-0.0500,0.0000,41.7987,-0.5000,0.0000,0.0183,0.8364,0.0000,1.0000
1,19794,2,11.77,171.549,0.370,1.691,0.3705,0.0660,2.0000,1.6908,-0.0507,0.0000,41.4368,-0.5000,0.0000,0.0000,0.7938,0.0269,1.0000
1,19814,2,11.80,172.012,0.478,1.621,0.4778,0.0738,2.0000,1.6214,-0.0486,0.0000,40.9738,-0.5000,0.0000,0.0000,0.7867,0.0438,1.0000
1,19834,2,11.76,172.431,0.895,1.560,0.8953,0.0682,2.0000,1.5601,-0.0468,0.0000,40.5545,-0.5000,0.0000,0.0000,0.7975,0.0377,1.0000
1,19854,2,11.80,172.641,1.432,1.555,1.4318,0.0504,2.0000,1.5552,-0.0467,0.0000,40.3445,-0.5000,0.0000,0.0000,0.8237,0.0067,1.0000
1,19874,2,11.80,172.300,2.122,1.210,2.1216,0.0329,2.0000,1.2104,-0.0363,0.0000,40.6853,-0.5000,0.0000,0.0065,0.8710,0.0000,1.0000
1,19894,2,11.80,171.274,3.166,0.025,3.1658,0.0201,2.0000,0.0251,-0.0008,0.0000,41.7116,-0.5000,0.0000,0.0000,0.9600,0.0371,1.0000
1,19914,2,11.84,169.752,4.749,-1.326,4.7492,-0.0193,2.0000,-1.3257,0.0398,0.0000,43.2330,-0.5000,0.0000,0.0000,1.0000,0.0379,0.8905
1,19934,2,11.78,168.063,6.653,-2.331,6.6533,-0.0837,2.0000,-2.3307,0.0699,0.0000,44.9220,-0.5000,0.0000,0.0237,1.0000,0.0000,0.7368
1,19954,2,11.82,166.469,8.881,-2.899,8.8815,-0.1486,2.0000,-2.8994,0.0870,0.0000,46.5166,-0.5000,0.0000,0.0950,1.0000,0.0000,0.6368
1,19974,2,11.80,165.094,11.634,-2.818,11.6338,-0.2325,2.0000,-2.8175,0.0845,0.0000,47.8913,-0.5000,0.0000,0.2020,1.0000,0.0000,0.5672
1,19994,2,11.82,163.998,14.845,-2.561,14.8451,-0.3387,2.0000,-2.5611,0.0768,0.0000,48.9879,-0.5000,0.0000,0.3122,1.0000,0.0000,0.5046
1,20014,2,11.80,163.056,18.590,-2.557,18.5904,-0.4735,2.0000,-2.5567,0.0767,0.0000,49.9292,-0.5000,0.0000,0.4076,1.0000,0.0000,0.4348
1,20034,2,11.80,162.428,22.193,-2.687,22.1930,-0.5000,2.0000,-2.6867,0.0806,0.0000,50.5570,-0.5000,0.0000,0.4194,1.0000,0.0000,0.4194
1,20055,2,11.82,162.296,25.178,-2.911,25.1785,-0.5000,2.0000,-2.9115,0.0873,0.0000,50.6899,-0.5000,0.0000,0.4127,1.0000,0.0000,0.4127
1,20075,2,11.80,162.731,27.775,-2.953,27.7747,-0.5000,2.0000,-2.9530,0.0886,0.0000,50.2547,-0.5000,0.0000,0.4114,1.0000,0.0000,0.4114
1,20094,2,11.81,163.713,30.575,-2.760,30.5751,-0.5000,2.0000,-2.7597,0.0886,0.0000,49.2720,-0.5000,0.0000,0.4114,1.0000,0.0000,0.4114
1,20114,2,11.80,165.146,33.849,-2.340,33.8489,-0.5000,2.0000,-2.3402,0.0828,0.0000,47.8393,-0.5000,0.0000,0.4172,1.0000,0.0000,0.4172
1,20135,2,11.74,166.938,37.826,-1.801,37.8262,-0.5000,2.0000,-1.8006,0.0702,0.0000,46.0475,-0.5000,0.0000,0.4298,1.0000,0.0000,0.4298
1,20155,2,11.77,168.676,42.146,-1.395,42.1458,-0.5000,2.0000,-1.3947,0.0540,0.0000,44.3096,-0.5000,0.0000,0.4460,1.0000,0.0000,0.4460
1,20174,2,11.80,170.033,46.783,-1.063,46.7831,-0.5000,2.0000,-1.0633,0.0418,0.0000,42.9521,-0.5000,0.0000,0.4582,1.0000,0.0000,0.4582
